2026-02-23 09:43:28,024 - Knowledge - INFO - Created shared MongoDB connection pool
2026-02-23 09:43:28,407 - Knowledge - INFO - Starting Knowledge Graph processing with 20 threads
2026-02-23 09:43:28,607 - Knowledge - INFO - Initial configuration: chunk_size=65536, max_cache_size=500
2026-02-23 09:43:28,768 - Knowledge - INFO - Knowledge Graph concurrency configuration: workers=20, max_batch_size=10, max_concurrent_llm_calls=50
2026-02-23 09:43:30,479 - Knowledge - INFO - 🔍 _load_persisted_knowledge called - checking for Redis optimization
2026-02-23 09:43:30,658 - Knowledge - WARNING - ❌ load_from_redis method not found - Redis support not attached
2026-02-23 09:43:30,860 - Knowledge - INFO - load persisted knowledge: begin
2026-02-23 09:43:31,039 - Knowledge - INFO - Loaded 0 files from persisted knowledge
2026-02-23 09:43:31,239 - Knowledge - INFO - load persisted knowledge: end
2026-02-23 09:43:31,427 - Knowledge - WARNING - No persisted knowledge found. Files will be queued during start()
2026-02-23 09:43:31,589 - Knowledge - INFO - Redis support added with prefix knowledge:b125717:
2026-02-23 09:43:32,343 - Knowledge - INFO - Starting knowledge initialization for ID: gKtipY-b125717
2026-02-23 09:43:32,513 - Knowledge - INFO - 🔍 Checking Redis for build_id: b125717
2026-02-23 09:43:32,682 - Knowledge - INFO - 🔍 Full session ID: gKtipY-b125717
2026-02-23 09:43:32,879 - Knowledge - INFO - 🔍 Redis prefix will be: knowledge:b125717:
2026-02-23 09:43:33,113 - Knowledge - INFO - 🔍 Using attached load_from_redis() method
2026-02-23 09:43:33,323 - Knowledge - INFO - 🔍 Attempting to load knowledge from Redis...
2026-02-23 09:43:33,488 - Knowledge - INFO - 🔍 Using derived instance_id for Redis lookup: b125717
2026-02-23 09:43:33,724 - Knowledge - WARNING - ❌ No Redis cache found
2026-02-23 09:43:33,935 - Knowledge - INFO - 📁 Loading knowledge from disk...
2026-02-23 09:43:34,175 - Knowledge - INFO - load persisted docinfo: begin
2026-02-23 09:43:34,396 - Knowledge - INFO - load persisted docinfo: end
2026-02-23 09:43:34,583 - Knowledge - INFO - 🔍 _load_persisted_knowledge called - checking for Redis optimization
2026-02-23 09:43:34,793 - Knowledge - INFO - ✅ load_from_redis method found - attempting Redis load
2026-02-23 09:43:35,003 - Knowledge - INFO - 🔍 Attempting to load knowledge from Redis...
2026-02-23 09:43:35,165 - Knowledge - INFO - 🔍 Using derived instance_id for Redis lookup: b125717
2026-02-23 09:43:35,383 - Knowledge - WARNING - ❌ No Redis cache found
2026-02-23 09:43:35,563 - Knowledge - INFO - ❌ Redis load returned False - falling back to file loading
2026-02-23 09:43:35,751 - Knowledge - INFO - load persisted knowledge: begin
2026-02-23 09:43:35,919 - Knowledge - INFO - Loaded 0 files from persisted knowledge
2026-02-23 09:43:36,087 - Knowledge - INFO - load persisted knowledge: end
2026-02-23 09:43:36,246 - Knowledge - INFO - 📁 Disk load complete in 2.12s
2026-02-23 09:43:36,421 - Knowledge - INFO - Populating ingest queue with source files...
2026-02-23 09:43:36,957 - Knowledge - INFO - Added 274 files from /app/data/T0015/325511/b125717/entservices-apis-325511 to ingest queue
2026-02-23 09:43:37,123 - Knowledge - INFO - [WEBSOCKET] Sent: Type=progress_update, Size: 160, Duration: 0ms
2026-02-23 09:43:37,334 - Knowledge - INFO - Worker kw1 created using shared MongoDB connection pool
2026-02-23 09:43:37,538 - Knowledge - INFO - knowledge worker kw1 start
2026-02-23 09:43:37,540 - Knowledge - INFO - Worker kw2 created using shared MongoDB connection pool
2026-02-23 09:43:37,739 - Knowledge - INFO - [kw1] Queue=274, InProgress=0, PendingWorkers=0/1, Completed=0/274 (0.0%)
2026-02-23 09:43:37,826 - Knowledge - INFO - knowledge worker kw2 start
2026-02-23 09:43:37,826 - Knowledge - INFO - Worker kw3 created using shared MongoDB connection pool
2026-02-23 09:43:37,912 - Knowledge - INFO - Batch sizing: calculated=6, max_allowed=10, queue=274, active_workers=0/2
2026-02-23 09:43:38,013 - Knowledge - INFO - [kw2] Queue=274, InProgress=0, PendingWorkers=0/2, Completed=0/274 (0.0%)
2026-02-23 09:43:38,135 - Knowledge - INFO - knowledge worker kw3 start
2026-02-23 09:43:38,135 - Knowledge - INFO - Worker kw4 created using shared MongoDB connection pool
2026-02-23 09:43:38,227 - Knowledge - INFO - Worker kw1 processing /app/data/T0015/325511/b125717/entservices-apis-325511/CMakeLists.txt
2026-02-23 09:43:38,337 - Knowledge - INFO - Batch sizing: calculated=6, max_allowed=10, queue=274, active_workers=1/3
2026-02-23 09:43:38,427 - Knowledge - INFO - [kw3] Queue=268, InProgress=0, PendingWorkers=1/3, Completed=0/274 (0.0%)
2026-02-23 09:43:38,500 - Knowledge - INFO - knowledge worker kw4 start
2026-02-23 09:43:38,500 - Knowledge - INFO - Worker kw5 created using shared MongoDB connection pool
2026-02-23 09:43:38,613 - Knowledge - INFO - Fast-tracked /app/data/T0015/325511/b125717/entservices-apis-325511/CMakeLists.txt (ext=.txt, size=3636)
2026-02-23 09:43:38,693 - Knowledge - INFO - Worker kw2 processing /app/data/T0015/325511/b125717/entservices-apis-325511/tools/md_generator/json/SystemAudioPlayer/SystemAudioPlayer.json
2026-02-23 09:43:38,820 - Knowledge - INFO - Batch sizing: calculated=6, max_allowed=10, queue=268, active_workers=2/4
2026-02-23 09:43:38,905 - Knowledge - INFO - [kw4] Queue=262, InProgress=0, PendingWorkers=2/4, Completed=0/274 (0.0%)
2026-02-23 09:43:39,035 - Knowledge - INFO - knowledge worker kw5 start
2026-02-23 09:43:39,036 - Knowledge - INFO - Worker kw6 created using shared MongoDB connection pool
2026-02-23 09:43:39,174 - Knowledge - INFO - Worker kw1 processing /app/data/T0015/325511/b125717/entservices-apis-325511/tools/md_generator/generate_md.py
2026-02-23 09:43:39,259 - Knowledge - INFO - Fast-tracked /app/data/T0015/325511/b125717/entservices-apis-325511/tools/md_generator/json/SystemAudioPlayer/SystemAudioPlayer.json (ext=.json, size=18954)
2026-02-23 09:43:39,341 - Knowledge - INFO - Worker kw3 processing /app/data/T0015/325511/b125717/entservices-apis-325511/tools/md_generator/json/DTV/DTV.json
2026-02-23 09:43:39,441 - Knowledge - INFO - Batch sizing: calculated=6, max_allowed=10, queue=262, active_workers=3/5
2026-02-23 09:43:39,553 - Knowledge - INFO - [kw5] Queue=256, InProgress=0, PendingWorkers=3/5, Completed=0/274 (0.0%)
2026-02-23 09:43:39,636 - Knowledge - INFO - knowledge worker kw6 start
2026-02-23 09:43:39,636 - Knowledge - INFO - Worker kw7 created using shared MongoDB connection pool
2026-02-23 09:43:39,716 - Knowledge - INFO - Worker kw1 processing /app/data/T0015/325511/b125717/entservices-apis-325511/tools/md_generator/json/TextToSpeech/TextToSpeech.json
2026-02-23 09:43:39,796 - Knowledge - INFO - Worker kw2 processing /app/data/T0015/325511/b125717/entservices-apis-325511/tools/md_generator/json/SystemAudioPlayer/SystemAudioPlayerPlugin.json
2026-02-23 09:43:39,875 - Knowledge - INFO - Fast-tracked /app/data/T0015/325511/b125717/entservices-apis-325511/tools/md_generator/json/DTV/DTV.json (ext=.json, size=50010)
2026-02-23 09:43:39,978 - Knowledge - INFO - Worker kw4 processing /app/data/T0015/325511/b125717/entservices-apis-325511/tools/md_generator/json/RDKShell/RDKShellPlugin.json
2026-02-23 09:43:40,110 - Knowledge - INFO - Batch sizing: calculated=6, max_allowed=10, queue=256, active_workers=4/6
2026-02-23 09:43:40,246 - Knowledge - INFO - [kw6] Queue=250, InProgress=0, PendingWorkers=4/6, Completed=0/274 (0.0%)
2026-02-23 09:43:40,322 - Knowledge - INFO - knowledge worker kw7 start
2026-02-23 09:43:40,322 - Knowledge - INFO - Worker kw8 created using shared MongoDB connection pool
2026-02-23 09:43:40,429 - Knowledge - INFO - Fast-tracked /app/data/T0015/325511/b125717/entservices-apis-325511/tools/md_generator/json/TextToSpeech/TextToSpeech.json (ext=.json, size=26374)
2026-02-23 09:43:40,511 - Knowledge - INFO - Fast-tracked /app/data/T0015/325511/b125717/entservices-apis-325511/tools/md_generator/json/SystemAudioPlayer/SystemAudioPlayerPlugin.json (ext=.json, size=750)
2026-02-23 09:43:40,595 - Knowledge - INFO - Worker kw3 processing /app/data/T0015/325511/b125717/entservices-apis-325511/tools/md_generator/json/DTV/DTVPlugin.json
2026-02-23 09:43:40,719 - Knowledge - INFO - Fast-tracked /app/data/T0015/325511/b125717/entservices-apis-325511/tools/md_generator/json/RDKShell/RDKShellPlugin.json (ext=.json, size=499)
2026-02-23 09:43:40,799 - Knowledge - INFO - Worker kw5 processing /app/data/T0015/325511/b125717/entservices-apis-325511/tools/md_generator/json/RemoteControl/RemoteControlPlugin.json
2026-02-23 09:43:40,894 - Knowledge - INFO - Batch sizing: calculated=6, max_allowed=10, queue=250, active_workers=5/7
2026-02-23 09:43:41,026 - Knowledge - INFO - [kw7] Queue=244, InProgress=0, PendingWorkers=5/7, Completed=0/274 (0.0%)
2026-02-23 09:43:41,103 - Knowledge - INFO - knowledge worker kw8 start
2026-02-23 09:43:41,103 - Knowledge - INFO - Worker kw9 created using shared MongoDB connection pool
2026-02-23 09:43:41,216 - Knowledge - INFO - Worker kw1 processing /app/data/T0015/325511/b125717/entservices-apis-325511/tools/md_generator/json/TextToSpeech/TextToSpeechPlugin.json
2026-02-23 09:43:41,344 - Knowledge - INFO - Worker kw2 processing /app/data/T0015/325511/b125717/entservices-apis-325511/tools/md_generator/json/Bluetooth/Bluetooth.json
2026-02-23 09:43:41,441 - Knowledge - INFO - Fast-tracked /app/data/T0015/325511/b125717/entservices-apis-325511/tools/md_generator/json/DTV/DTVPlugin.json (ext=.json, size=419)
2026-02-23 09:43:41,534 - Knowledge - INFO - Worker kw4 processing /app/data/T0015/325511/b125717/entservices-apis-325511/tools/md_generator/json/RDKShell/RDKShell.json
2026-02-23 09:43:41,630 - Knowledge - INFO - Fast-tracked /app/data/T0015/325511/b125717/entservices-apis-325511/tools/md_generator/json/RemoteControl/RemoteControlPlugin.json (ext=.json, size=511)
2026-02-23 09:43:41,736 - Knowledge - INFO - Worker kw6 processing /app/data/T0015/325511/b125717/entservices-apis-325511/tools/md_generator/json/DisplaySettings/DisplaySettingsPlugin.json
2026-02-23 09:43:41,813 - Knowledge - INFO - Batch sizing: calculated=6, max_allowed=10, queue=244, active_workers=6/8
2026-02-23 09:43:41,937 - Knowledge - INFO - [kw8] Queue=238, InProgress=0, PendingWorkers=6/8, Completed=0/274 (0.0%)
2026-02-23 09:43:42,025 - Knowledge - INFO - knowledge worker kw9 start
2026-02-23 09:43:42,025 - Knowledge - INFO - Worker kw10 created using shared MongoDB connection pool
2026-02-23 09:43:42,124 - Knowledge - INFO - Fast-tracked /app/data/T0015/325511/b125717/entservices-apis-325511/tools/md_generator/json/TextToSpeech/TextToSpeechPlugin.json (ext=.json, size=547)
2026-02-23 09:43:42,212 - Knowledge - INFO - Fast-tracked /app/data/T0015/325511/b125717/entservices-apis-325511/tools/md_generator/json/Bluetooth/Bluetooth.json (ext=.json, size=53644)
2026-02-23 09:43:42,299 - Knowledge - INFO - Worker kw3 processing /app/data/T0015/325511/b125717/entservices-apis-325511/tools/md_generator/json/MaintenanceManager/MaintenanceManager.json
2026-02-23 09:43:42,384 - Knowledge - INFO - Fast-tracked /app/data/T0015/325511/b125717/entservices-apis-325511/tools/md_generator/json/RDKShell/RDKShell.json (ext=.json, size=89222)
2026-02-23 09:43:42,470 - Knowledge - INFO - Worker kw5 processing /app/data/T0015/325511/b125717/entservices-apis-325511/tools/md_generator/json/RemoteControl/RemoteControl.json
2026-02-23 09:43:42,558 - Knowledge - INFO - Fast-tracked /app/data/T0015/325511/b125717/entservices-apis-325511/tools/md_generator/json/DisplaySettings/DisplaySettingsPlugin.json (ext=.json, size=605)
2026-02-23 09:43:42,672 - Knowledge - INFO - Worker kw7 processing /app/data/T0015/325511/b125717/entservices-apis-325511/tools/md_generator/json2md/schemas/interface.schema.json
2026-02-23 09:43:42,752 - Knowledge - INFO - Batch sizing: calculated=6, max_allowed=10, queue=238, active_workers=7/9
2026-02-23 09:43:42,845 - Knowledge - INFO - [kw9] Queue=232, InProgress=0, PendingWorkers=7/9, Completed=0/274 (0.0%)
2026-02-23 09:43:42,925 - Knowledge - INFO - knowledge worker kw10 start
2026-02-23 09:43:42,925 - Knowledge - INFO - Worker kw11 created using shared MongoDB connection pool
2026-02-23 09:43:43,030 - Knowledge - INFO - Worker kw1 processing /app/data/T0015/325511/b125717/entservices-apis-325511/tools/md_generator/json/Monitor/Monitor.json
2026-02-23 09:43:43,120 - Knowledge - INFO - Worker kw2 processing /app/data/T0015/325511/b125717/entservices-apis-325511/tools/md_generator/json/Bluetooth/BluetoothPlugin.json
2026-02-23 09:43:43,241 - Knowledge - INFO - Fast-tracked /app/data/T0015/325511/b125717/entservices-apis-325511/tools/md_generator/json/MaintenanceManager/MaintenanceManager.json (ext=.json, size=9148)
2026-02-23 09:43:43,346 - Knowledge - INFO - Worker kw4 processing /app/data/T0015/325511/b125717/entservices-apis-325511/tools/md_generator/json/PerformanceMetrics/PerformanceMetricsPlugin.json
2026-02-23 09:43:43,437 - Knowledge - INFO - Fast-tracked /app/data/T0015/325511/b125717/entservices-apis-325511/tools/md_generator/json/RemoteControl/RemoteControl.json (ext=.json, size=38193)
2026-02-23 09:43:43,526 - Knowledge - INFO - Worker kw6 processing /app/data/T0015/325511/b125717/entservices-apis-325511/tools/md_generator/json/DisplaySettings/DisplaySettings.json
2026-02-23 09:43:43,625 - Knowledge - INFO - Fast-tracked /app/data/T0015/325511/b125717/entservices-apis-325511/tools/md_generator/json2md/schemas/interface.schema.json (ext=.json, size=8197)
2026-02-23 09:43:43,711 - Knowledge - INFO - Worker kw8 processing /app/data/T0015/325511/b125717/entservices-apis-325511/tools/md_generator/update_sidebar.py
2026-02-23 09:43:43,804 - Knowledge - INFO - Batch sizing: calculated=6, max_allowed=10, queue=232, active_workers=8/10
2026-02-23 09:43:43,902 - Knowledge - INFO - [kw10] Queue=226, InProgress=0, PendingWorkers=8/10, Completed=0/274 (0.0%)
2026-02-23 09:43:44,001 - Knowledge - INFO - knowledge worker kw11 start
2026-02-23 09:43:44,002 - Knowledge - INFO - Worker kw12 created using shared MongoDB connection pool
2026-02-23 09:43:44,123 - Knowledge - INFO - Fast-tracked /app/data/T0015/325511/b125717/entservices-apis-325511/tools/md_generator/json/Monitor/Monitor.json (ext=.json, size=8145)
2026-02-23 09:43:44,240 - Knowledge - INFO - Fast-tracked /app/data/T0015/325511/b125717/entservices-apis-325511/tools/md_generator/json/Bluetooth/BluetoothPlugin.json (ext=.json, size=514)
2026-02-23 09:43:44,321 - Knowledge - INFO - Worker kw3 processing /app/data/T0015/325511/b125717/entservices-apis-325511/tools/md_generator/json/MaintenanceManager/MaintenanceManagerPlugin.json
2026-02-23 09:43:44,414 - Knowledge - INFO - Fast-tracked /app/data/T0015/325511/b125717/entservices-apis-325511/tools/md_generator/json/PerformanceMetrics/PerformanceMetricsPlugin.json (ext=.json, size=462)
2026-02-23 09:43:44,502 - Knowledge - INFO - Worker kw5 processing /app/data/T0015/325511/b125717/entservices-apis-325511/tools/md_generator/json/ResourceManager/ResourceManagerPlugin.json
2026-02-23 09:43:44,594 - Knowledge - INFO - Fast-tracked /app/data/T0015/325511/b125717/entservices-apis-325511/tools/md_generator/json/DisplaySettings/DisplaySettings.json (ext=.json, size=101411)
2026-02-23 09:43:44,707 - Knowledge - INFO - Worker kw7 processing /app/data/T0015/325511/b125717/entservices-apis-325511/tools/md_generator/json2md/schemas/plugin.schema.json
2026-02-23 09:43:44,800 - Knowledge - INFO - Worker kw8 processing /app/data/T0015/325511/b125717/entservices-apis-325511/tools/md_generator/generate_md_incremental.py
2026-02-23 09:43:44,878 - Knowledge - INFO - Worker kw9 processing /app/data/T0015/325511/b125717/entservices-apis-325511/tools/md_generator/h2md/logger.py
2026-02-23 09:43:44,959 - Knowledge - INFO - Batch sizing: calculated=6, max_allowed=10, queue=226, active_workers=9/11
2026-02-23 09:43:45,066 - Knowledge - INFO - [kw11] Queue=220, InProgress=0, PendingWorkers=9/11, Completed=0/274 (0.0%)
2026-02-23 09:43:45,168 - Knowledge - INFO - knowledge worker kw12 start
2026-02-23 09:43:45,168 - Knowledge - INFO - Worker kw13 created using shared MongoDB connection pool
2026-02-23 09:43:45,256 - Knowledge - INFO - Worker kw1 processing /app/data/T0015/325511/b125717/entservices-apis-325511/tools/md_generator/json/Monitor/MonitorPlugin.json
2026-02-23 09:43:45,381 - Knowledge - INFO - Worker kw2 processing /app/data/T0015/325511/b125717/entservices-apis-325511/tools/md_generator/json/Packager/Packager.json
2026-02-23 09:43:45,472 - Knowledge - INFO - Fast-tracked /app/data/T0015/325511/b125717/entservices-apis-325511/tools/md_generator/json/MaintenanceManager/MaintenanceManagerPlugin.json (ext=.json, size=550)
2026-02-23 09:43:45,552 - Knowledge - INFO - Worker kw4 processing /app/data/T0015/325511/b125717/entservices-apis-325511/tools/md_generator/json/common/common.json
2026-02-23 09:43:45,668 - Knowledge - INFO - Fast-tracked /app/data/T0015/325511/b125717/entservices-apis-325511/tools/md_generator/json/ResourceManager/ResourceManagerPlugin.json (ext=.json, size=518)
2026-02-23 09:43:45,760 - Knowledge - INFO - Worker kw6 processing /app/data/T0015/325511/b125717/entservices-apis-325511/tools/md_generator/json/VoiceControl/VoiceControlPlugin.json
2026-02-23 09:43:45,843 - Knowledge - INFO - Fast-tracked /app/data/T0015/325511/b125717/entservices-apis-325511/tools/md_generator/json2md/schemas/plugin.schema.json (ext=.json, size=5211)
2026-02-23 09:43:45,921 - Knowledge - INFO - Worker kw8 processing /app/data/T0015/325511/b125717/entservices-apis-325511/tools/md_generator/h2md/markdown_templates.py
2026-02-23 09:43:46,020 - Knowledge - INFO - Worker kw9 processing /app/data/T0015/325511/b125717/entservices-apis-325511/docs/_sidebar.md
2026-02-23 09:43:46,105 - Knowledge - INFO - Worker kw10 processing /app/data/T0015/325511/b125717/entservices-apis-325511/docs/apis_legacy/NetflixPlugin.md
2026-02-23 09:43:46,176 - Knowledge - INFO - Batch sizing: calculated=6, max_allowed=10, queue=220, active_workers=10/12
2026-02-23 09:43:46,259 - Knowledge - INFO - [kw12] Queue=214, InProgress=0, PendingWorkers=10/12, Completed=0/274 (0.0%)
2026-02-23 09:43:46,343 - Knowledge - INFO - knowledge worker kw13 start
2026-02-23 09:43:46,343 - Knowledge - INFO - Worker kw14 created using shared MongoDB connection pool
2026-02-23 09:43:46,447 - Knowledge - INFO - Fast-tracked /app/data/T0015/325511/b125717/entservices-apis-325511/tools/md_generator/json/Monitor/MonitorPlugin.json (ext=.json, size=487)
2026-02-23 09:43:46,542 - Knowledge - INFO - Fast-tracked /app/data/T0015/325511/b125717/entservices-apis-325511/tools/md_generator/json/Packager/Packager.json (ext=.json, size=2365)
2026-02-23 09:43:46,659 - Knowledge - INFO - Worker kw3 processing /app/data/T0015/325511/b125717/entservices-apis-325511/tools/md_generator/json/SystemServices/SystemPlugin.json
2026-02-23 09:43:46,806 - Knowledge - INFO - Fast-tracked /app/data/T0015/325511/b125717/entservices-apis-325511/tools/md_generator/json/common/common.json (ext=.json, size=5519)
2026-02-23 09:43:46,889 - Knowledge - INFO - Worker kw5 processing /app/data/T0015/325511/b125717/entservices-apis-325511/tools/md_generator/json/ResourceManager/ResourceManager.json
2026-02-23 09:43:47,006 - Knowledge - INFO - Fast-tracked /app/data/T0015/325511/b125717/entservices-apis-325511/tools/md_generator/json/VoiceControl/VoiceControlPlugin.json (ext=.json, size=477)
2026-02-23 09:43:47,085 - Knowledge - INFO - Worker kw7 processing /app/data/T0015/325511/b125717/entservices-apis-325511/tools/md_generator/json2md/docs_common.json
2026-02-23 09:43:47,194 - Knowledge - INFO - Worker kw8 processing /app/data/T0015/325511/b125717/entservices-apis-325511/tools/md_generator/h2md/generate_md_from_header.py
2026-02-23 09:43:47,286 - Knowledge - INFO - Fast-tracked /app/data/T0015/325511/b125717/entservices-apis-325511/docs/_sidebar.md (ext=.md, size=2964)
2026-02-23 09:43:47,407 - Knowledge - INFO - Fast-tracked /app/data/T0015/325511/b125717/entservices-apis-325511/docs/apis_legacy/NetflixPlugin.md (ext=.md, size=8967)
2026-02-23 09:43:47,532 - Knowledge - INFO - Worker kw11 processing /app/data/T0015/325511/b125717/entservices-apis-325511/docs/apis_legacy/BluetoothPlugin.md
2026-02-23 09:43:47,613 - Knowledge - INFO - Batch sizing: calculated=6, max_allowed=10, queue=214, active_workers=11/13
2026-02-23 09:43:47,711 - Knowledge - INFO - [kw13] Queue=208, InProgress=0, PendingWorkers=11/13, Completed=0/274 (0.0%)
2026-02-23 09:43:47,840 - Knowledge - INFO - knowledge worker kw14 start
2026-02-23 09:43:47,842 - Knowledge - INFO - Worker kw15 created using shared MongoDB connection pool
2026-02-23 09:43:48,037 - Knowledge - INFO - Worker kw2 processing /app/data/T0015/325511/b125717/entservices-apis-325511/tools/md_generator/json/Packager/PackagerPlugin.json
2026-02-23 09:43:48,137 - Knowledge - INFO - Fast-tracked /app/data/T0015/325511/b125717/entservices-apis-325511/tools/md_generator/json/SystemServices/SystemPlugin.json (ext=.json, size=515)
2026-02-23 09:43:48,214 - Knowledge - INFO - Worker kw4 processing /app/data/T0015/325511/b125717/entservices-apis-325511/tools/md_generator/json/MotionDetection/MotionDetectionPlugin.json
2026-02-23 09:43:48,340 - Knowledge - INFO - Fast-tracked /app/data/T0015/325511/b125717/entservices-apis-325511/tools/md_generator/json/ResourceManager/ResourceManager.json (ext=.json, size=3707)
2026-02-23 09:43:48,426 - Knowledge - INFO - Worker kw6 processing /app/data/T0015/325511/b125717/entservices-apis-325511/tools/md_generator/json/VoiceControl/VoiceControl.json
2026-02-23 09:43:48,504 - Knowledge - INFO - Fast-tracked /app/data/T0015/325511/b125717/entservices-apis-325511/tools/md_generator/json2md/docs_common.json (ext=.json, size=1694)
2026-02-23 09:43:48,595 - Knowledge - INFO - Worker kw8 processing /app/data/T0015/325511/b125717/entservices-apis-325511/tools/md_generator/h2md/README.md
2026-02-23 09:43:48,692 - Knowledge - INFO - Worker kw9 processing /app/data/T0015/325511/b125717/entservices-apis-325511/docs/_coverpage.md
2026-02-23 09:43:48,778 - Knowledge - INFO - Worker kw10 processing /app/data/T0015/325511/b125717/entservices-apis-325511/docs/apis_legacy/SystemModePlugin.md
2026-02-23 09:43:49,085 - Knowledge - INFO - Fast-tracked /app/data/T0015/325511/b125717/entservices-apis-325511/docs/apis_legacy/BluetoothPlugin.md (ext=.md, size=50299)
2026-02-23 09:43:49,171 - Knowledge - INFO - Worker kw12 processing /app/data/T0015/325511/b125717/entservices-apis-325511/docs/apis_legacy/HdmiCecSourcePlugin.md
2026-02-23 09:43:49,268 - Knowledge - INFO - Batch sizing: calculated=6, max_allowed=10, queue=208, active_workers=12/14
2026-02-23 09:43:49,355 - Knowledge - INFO - [kw14] Queue=202, InProgress=0, PendingWorkers=12/14, Completed=0/274 (0.0%)
2026-02-23 09:43:49,436 - Knowledge - INFO - knowledge worker kw15 start
2026-02-23 09:43:49,436 - Knowledge - INFO - Worker kw16 created using shared MongoDB connection pool
2026-02-23 09:43:49,521 - Knowledge - INFO - Fast-tracked /app/data/T0015/325511/b125717/entservices-apis-325511/tools/md_generator/json/Packager/PackagerPlugin.json (ext=.json, size=514)
2026-02-23 09:43:49,596 - Knowledge - INFO - Worker kw3 processing /app/data/T0015/325511/b125717/entservices-apis-325511/tools/md_generator/json/SystemServices/System.json
2026-02-23 09:43:49,723 - Knowledge - INFO - Fast-tracked /app/data/T0015/325511/b125717/entservices-apis-325511/tools/md_generator/json/MotionDetection/MotionDetectionPlugin.json (ext=.json, size=536)
2026-02-23 09:43:49,820 - Knowledge - INFO - Worker kw5 processing /app/data/T0015/325511/b125717/entservices-apis-325511/tools/md_generator/json/LinearPlaybackControl/LinearPlaybackControlPlugin.json
2026-02-23 09:43:49,911 - Knowledge - INFO - Fast-tracked /app/data/T0015/325511/b125717/entservices-apis-325511/tools/md_generator/json/VoiceControl/VoiceControl.json (ext=.json, size=30265)
2026-02-23 09:43:49,989 - Knowledge - INFO - Worker kw7 processing /app/data/T0015/325511/b125717/entservices-apis-325511/tools/md_generator/json2md/Log.py
2026-02-23 09:43:50,061 - Knowledge - INFO - Fast-tracked /app/data/T0015/325511/b125717/entservices-apis-325511/tools/md_generator/h2md/README.md (ext=.md, size=21061)
2026-02-23 09:43:50,175 - Knowledge - INFO - Fast-tracked /app/data/T0015/325511/b125717/entservices-apis-325511/docs/_coverpage.md (ext=.md, size=247)
2026-02-23 09:43:50,267 - Knowledge - INFO - Fast-tracked /app/data/T0015/325511/b125717/entservices-apis-325511/docs/apis_legacy/SystemModePlugin.md (ext=.md, size=3366)
2026-02-23 09:43:50,363 - Knowledge - INFO - Worker kw11 processing /app/data/T0015/325511/b125717/entservices-apis-325511/docs/apis_legacy/MessageControlPlugin.md
2026-02-23 09:43:50,490 - Knowledge - INFO - Fast-tracked /app/data/T0015/325511/b125717/entservices-apis-325511/docs/apis_legacy/HdmiCecSourcePlugin.md (ext=.md, size=18396)
2026-02-23 09:43:50,576 - Knowledge - INFO - Worker kw13 processing /app/data/T0015/325511/b125717/entservices-apis-325511/docs/apis_legacy/AppManagerPlugin.md
2026-02-23 09:43:50,661 - Knowledge - INFO - Batch sizing: calculated=6, max_allowed=10, queue=202, active_workers=13/15
2026-02-23 09:43:50,773 - Knowledge - INFO - [kw15] Queue=196, InProgress=0, PendingWorkers=13/15, Completed=0/274 (0.0%)
2026-02-23 09:43:50,861 - Knowledge - INFO - knowledge worker kw16 start
2026-02-23 09:43:50,861 - Knowledge - INFO - Worker kw17 created using shared MongoDB connection pool
2026-02-23 09:43:50,971 - Knowledge - INFO - Processing batch of 6 files
2026-02-23 09:43:51,058 - Knowledge - INFO - Fast-tracked /app/data/T0015/325511/b125717/entservices-apis-325511/tools/md_generator/json/SystemServices/System.json (ext=.json, size=60390)
2026-02-23 09:43:51,145 - Knowledge - INFO - Worker kw4 processing /app/data/T0015/325511/b125717/entservices-apis-325511/tools/md_generator/json/MotionDetection/MotionDetection.json
2026-02-23 09:43:51,245 - Knowledge - INFO - Fast-tracked /app/data/T0015/325511/b125717/entservices-apis-325511/tools/md_generator/json/LinearPlaybackControl/LinearPlaybackControlPlugin.json (ext=.json, size=436)
2026-02-23 09:43:51,354 - Knowledge - INFO - Worker kw6 processing /app/data/T0015/325511/b125717/entservices-apis-325511/tools/md_generator/json/OpenCDMi/OpenCDMiPlugin.json
2026-02-23 09:43:51,494 - Knowledge - INFO - Worker kw7 processing /app/data/T0015/325511/b125717/entservices-apis-325511/tools/md_generator/json2md/global.json
2026-02-23 09:43:51,568 - Knowledge - INFO - Worker kw8 processing /app/data/T0015/325511/b125717/entservices-apis-325511/tools/md_generator/h2md/header_file_parser.py
2026-02-23 09:43:51,646 - Knowledge - INFO - Worker kw9 processing /app/data/T0015/325511/b125717/entservices-apis-325511/docs/apis_legacy/HdmiCecSinkPlugin.md
2026-02-23 09:43:51,736 - Knowledge - INFO - Worker kw10 processing /app/data/T0015/325511/b125717/entservices-apis-325511/docs/apis_legacy/WebKitBrowserPlugin.md
2026-02-23 09:43:51,842 - Knowledge - INFO - Fast-tracked /app/data/T0015/325511/b125717/entservices-apis-325511/docs/apis_legacy/MessageControlPlugin.md (ext=.md, size=6674)
2026-02-23 09:43:51,933 - Knowledge - INFO - Worker kw12 processing /app/data/T0015/325511/b125717/entservices-apis-325511/docs/apis_legacy/DTVPlugin.md
2026-02-23 09:43:52,041 - Knowledge - INFO - Fast-tracked /app/data/T0015/325511/b125717/entservices-apis-325511/docs/apis_legacy/AppManagerPlugin.md (ext=.md, size=23260)
2026-02-23 09:43:52,133 - Knowledge - INFO - Worker kw14 processing /app/data/T0015/325511/b125717/entservices-apis-325511/docs/apis_legacy/PowerManagerPlugin.md
2026-02-23 09:43:52,235 - Knowledge - INFO - Batch sizing: calculated=5, max_allowed=10, queue=196, active_workers=14/16
2026-02-23 09:43:52,318 - Knowledge - INFO - [kw16] Queue=190, InProgress=0, PendingWorkers=14/16, Completed=6/274 (2.2%)
2026-02-23 09:43:52,403 - Knowledge - INFO - knowledge worker kw17 start
2026-02-23 09:43:52,403 - Knowledge - INFO - Worker kw18 created using shared MongoDB connection pool
2026-02-23 09:43:52,500 - Knowledge - INFO - process ingested knowledge for /app/data/T0015/325511/b125717/entservices-apis-325511/tools/md_generator/json/SystemAudioPlayer/SystemAudioPlayer.json
2026-02-23 09:43:52,600 - Knowledge - INFO - Processing batch of 6 files
2026-02-23 09:43:52,691 - Knowledge - INFO - Fast-tracked /app/data/T0015/325511/b125717/entservices-apis-325511/tools/md_generator/json/MotionDetection/MotionDetection.json (ext=.json, size=22159)
2026-02-23 09:43:52,787 - Knowledge - INFO - Worker kw5 processing /app/data/T0015/325511/b125717/entservices-apis-325511/tools/md_generator/json/LinearPlaybackControl/LinearPlaybackControl.json
2026-02-23 09:43:52,890 - Knowledge - INFO - Fast-tracked /app/data/T0015/325511/b125717/entservices-apis-325511/tools/md_generator/json/OpenCDMi/OpenCDMiPlugin.json (ext=.json, size=2817)
2026-02-23 09:43:52,987 - Knowledge - INFO - Fast-tracked /app/data/T0015/325511/b125717/entservices-apis-325511/tools/md_generator/json2md/global.json (ext=.json, size=911)
2026-02-23 09:43:53,064 - Knowledge - INFO - Fast-tracked /app/data/T0015/325511/b125717/entservices-apis-325511/tools/md_generator/update_sidebar.py (small file (2410 bytes))
2026-02-23 09:43:53,151 - Knowledge - INFO - Fast-tracked /app/data/T0015/325511/b125717/entservices-apis-325511/docs/apis_legacy/HdmiCecSinkPlugin.md (ext=.md, size=42881)
2026-02-23 09:43:53,227 - Knowledge - INFO - Fast-tracked /app/data/T0015/325511/b125717/entservices-apis-325511/docs/apis_legacy/WebKitBrowserPlugin.md (ext=.md, size=20378)
2026-02-23 09:43:53,309 - Knowledge - INFO - Worker kw11 processing /app/data/T0015/325511/b125717/entservices-apis-325511/docs/apis_legacy/MaintenanceManagerPlugin.md
2026-02-23 09:43:53,392 - Knowledge - INFO - Fast-tracked /app/data/T0015/325511/b125717/entservices-apis-325511/docs/apis_legacy/DTVPlugin.md (ext=.md, size=68303)
2026-02-23 09:43:53,472 - Knowledge - INFO - Worker kw13 processing /app/data/T0015/325511/b125717/entservices-apis-325511/docs/apis_legacy/SharedStoragePlugin.md
2026-02-23 09:43:53,568 - Knowledge - INFO - Fast-tracked /app/data/T0015/325511/b125717/entservices-apis-325511/docs/apis_legacy/PowerManagerPlugin.md (ext=.md, size=29179)
2026-02-23 09:43:53,677 - Knowledge - INFO - Worker kw15 processing /app/data/T0015/325511/b125717/entservices-apis-325511/docs/apis_legacy/ResourceManagerPlugin.md
2026-02-23 09:43:53,770 - Knowledge - INFO - Batch sizing: calculated=5, max_allowed=10, queue=190, active_workers=15/17
2026-02-23 09:43:53,846 - Knowledge - INFO - [kw17] Queue=185, InProgress=0, PendingWorkers=15/17, Completed=12/274 (4.4%)
2026-02-23 09:43:53,951 - Knowledge - INFO - knowledge worker kw18 start
2026-02-23 09:43:53,951 - Knowledge - INFO - Worker kw19 created using shared MongoDB connection pool
2026-02-23 09:43:54,036 - Knowledge - INFO - process ingested knowledge for /app/data/T0015/325511/b125717/entservices-apis-325511/tools/md_generator/json/SystemAudioPlayer/SystemAudioPlayerPlugin.json
2026-02-23 09:43:54,128 - Knowledge - INFO - process ingested knowledge for /app/data/T0015/325511/b125717/entservices-apis-325511/tools/md_generator/json/DTV/DTV.json
2026-02-23 09:43:54,236 - Knowledge - INFO - Processing batch of 6 files
2026-02-23 09:43:54,238 - Knowledge - INFO - [LLM_CALL] Completed: generate_md.py:chunk1, Duration: 6285ms, PromptTokens: 3198, CompletionTokens: 439, Cost: $0.00050
2026-02-23 09:43:54,329 - Knowledge - INFO - Fast-tracked /app/data/T0015/325511/b125717/entservices-apis-325511/tools/md_generator/json/LinearPlaybackControl/LinearPlaybackControl.json (ext=.json, size=9659)
2026-02-23 09:43:54,412 - Knowledge - INFO - Worker kw6 processing /app/data/T0015/325511/b125717/entservices-apis-325511/tools/md_generator/json/OpenCDMi/OpenCDMi.json
2026-02-23 09:43:54,505 - Knowledge - INFO - Worker kw7 processing /app/data/T0015/325511/b125717/entservices-apis-325511/tools/md_generator/json2md/generator_json.py
2026-02-23 09:43:54,717 - Knowledge - INFO - Worker kw9 processing /app/data/T0015/325511/b125717/entservices-apis-325511/docs/apis_legacy/DisplayInfoPlugin.md
2026-02-23 09:43:54,809 - Knowledge - INFO - Worker kw10 processing /app/data/T0015/325511/b125717/entservices-apis-325511/docs/apis_legacy/DeviceIdentificationPlugin.md
2026-02-23 09:43:54,900 - Knowledge - INFO - Fast-tracked /app/data/T0015/325511/b125717/entservices-apis-325511/docs/apis_legacy/MaintenanceManagerPlugin.md (ext=.md, size=11072)
2026-02-23 09:43:54,993 - Knowledge - INFO - Worker kw12 processing /app/data/T0015/325511/b125717/entservices-apis-325511/docs/apis_legacy/RDKWindowManagerPlugin.md
2026-02-23 09:43:55,069 - Knowledge - INFO - Fast-tracked /app/data/T0015/325511/b125717/entservices-apis-325511/docs/apis_legacy/SharedStoragePlugin.md (ext=.md, size=14443)
2026-02-23 09:43:55,153 - Knowledge - INFO - Worker kw14 processing /app/data/T0015/325511/b125717/entservices-apis-325511/docs/apis_legacy/StorageManagerPlugin.md
2026-02-23 09:43:55,259 - Knowledge - INFO - Fast-tracked /app/data/T0015/325511/b125717/entservices-apis-325511/docs/apis_legacy/ResourceManagerPlugin.md (ext=.md, size=5184)
2026-02-23 09:43:55,429 - Knowledge - INFO - Batch sizing: calculated=5, max_allowed=10, queue=185, active_workers=16/18
2026-02-23 09:43:55,509 - Knowledge - INFO - [kw18] Queue=180, InProgress=0, PendingWorkers=16/18, Completed=18/274 (6.6%)
2026-02-23 09:43:55,614 - Knowledge - INFO - knowledge worker kw19 start
2026-02-23 09:43:55,614 - Knowledge - INFO - Worker kw20 created using shared MongoDB connection pool
2026-02-23 09:43:55,707 - Knowledge - INFO - process ingested knowledge for /app/data/T0015/325511/b125717/entservices-apis-325511/tools/md_generator/json/Bluetooth/Bluetooth.json
2026-02-23 09:43:55,834 - Knowledge - INFO - process ingested knowledge for /app/data/T0015/325511/b125717/entservices-apis-325511/tools/md_generator/json/DTV/DTVPlugin.json
2026-02-23 09:43:55,921 - Knowledge - INFO - process ingested knowledge for /app/data/T0015/325511/b125717/entservices-apis-325511/tools/md_generator/json/RDKShell/RDKShellPlugin.json
2026-02-23 09:43:56,035 - Knowledge - INFO - done ingest for /app/data/T0015/325511/b125717/entservices-apis-325511/tools/md_generator/generate_md.py
2026-02-23 09:43:56,037 - Knowledge - INFO - Worker kw16 processing /app/data/T0015/325511/b125717/entservices-apis-325511/docs/apis_legacy/LifecycleManagerPlugin.md
2026-02-23 09:43:56,142 - Knowledge - INFO - Processing batch of 6 files
2026-02-23 09:43:56,216 - Knowledge - INFO - Fast-tracked /app/data/T0015/325511/b125717/entservices-apis-325511/tools/md_generator/json/OpenCDMi/OpenCDMi.json (ext=.json, size=2107)
2026-02-23 09:43:56,289 - Knowledge - INFO - Fast-tracked /app/data/T0015/325511/b125717/entservices-apis-325511/tools/md_generator/json2md/generator_json.py (ext=.py, size=130707)
2026-02-23 09:43:56,375 - Knowledge - INFO - Fast-tracked /app/data/T0015/325511/b125717/entservices-apis-325511/docs/apis_legacy/DisplayInfoPlugin.md (ext=.md, size=16858)
2026-02-23 09:43:56,480 - Knowledge - INFO - Fast-tracked /app/data/T0015/325511/b125717/entservices-apis-325511/docs/apis_legacy/DeviceIdentificationPlugin.md (ext=.md, size=2562)
2026-02-23 09:43:56,575 - Knowledge - INFO - Worker kw11 processing /app/data/T0015/325511/b125717/entservices-apis-325511/docs/apis_legacy/PersistentStorePlugin.md
2026-02-23 09:43:56,696 - Knowledge - INFO - Fast-tracked /app/data/T0015/325511/b125717/entservices-apis-325511/docs/apis_legacy/RDKWindowManagerPlugin.md (ext=.md, size=26970)
2026-02-23 09:43:56,790 - Knowledge - INFO - Worker kw13 processing /app/data/T0015/325511/b125717/entservices-apis-325511/docs/apis_legacy/PackageDownloader.md
2026-02-23 09:43:56,884 - Knowledge - INFO - Fast-tracked /app/data/T0015/325511/b125717/entservices-apis-325511/docs/apis_legacy/StorageManagerPlugin.md (ext=.md, size=4006)
2026-02-23 09:43:56,960 - Knowledge - INFO - Worker kw15 processing /app/data/T0015/325511/b125717/entservices-apis-325511/docs/apis_legacy/XCastPlugin.md
2026-02-23 09:43:57,037 - Knowledge - INFO - Worker kw17 processing /app/data/T0015/325511/b125717/entservices-apis-325511/docs/apis_legacy/DisplaySettingsPlugin.md
2026-02-23 09:43:57,126 - Knowledge - INFO - Batch sizing: calculated=5, max_allowed=10, queue=180, active_workers=17/19
2026-02-23 09:43:57,211 - Knowledge - INFO - [kw19] Queue=175, InProgress=0, PendingWorkers=17/19, Completed=24/274 (8.8%)
2026-02-23 09:43:57,315 - Knowledge - INFO - knowledge worker kw20 start
2026-02-23 09:43:57,391 - Knowledge - INFO - process ingested knowledge for /app/data/T0015/325511/b125717/entservices-apis-325511/tools/md_generator/json/Bluetooth/BluetoothPlugin.json
2026-02-23 09:43:57,472 - Knowledge - INFO - process ingested knowledge for /app/data/T0015/325511/b125717/entservices-apis-325511/tools/md_generator/json/MaintenanceManager/MaintenanceManager.json
2026-02-23 09:43:57,553 - Knowledge - INFO - process ingested knowledge for /app/data/T0015/325511/b125717/entservices-apis-325511/tools/md_generator/json/RDKShell/RDKShell.json
2026-02-23 09:43:57,670 - Knowledge - INFO - Processing batch of 6 files
2026-02-23 09:43:57,721 - Knowledge - INFO - Fast-tracked /app/data/T0015/325511/b125717/entservices-apis-325511/docs/apis_legacy/LifecycleManagerPlugin.md (ext=.md, size=6296)
2026-02-23 09:43:57,811 - Knowledge - INFO - process ingested knowledge for /app/data/T0015/325511/b125717/entservices-apis-325511/tools/md_generator/json/RemoteControl/RemoteControlPlugin.json
2026-02-23 09:43:57,899 - Knowledge - INFO - Processing batch of 6 files
2026-02-23 09:43:58,107 - Knowledge - INFO - Worker kw9 processing /app/data/T0015/325511/b125717/entservices-apis-325511/docs/apis_legacy/USBDevicePlugin.md
2026-02-23 09:43:58,229 - Knowledge - INFO - Worker kw10 processing /app/data/T0015/325511/b125717/entservices-apis-325511/docs/apis_legacy/LEDControlPlugin.md
2026-02-23 09:43:58,314 - Knowledge - INFO - Fast-tracked /app/data/T0015/325511/b125717/entservices-apis-325511/docs/apis_legacy/PersistentStorePlugin.md (ext=.md, size=14464)
2026-02-23 09:43:58,391 - Knowledge - INFO - Worker kw12 processing /app/data/T0015/325511/b125717/entservices-apis-325511/docs/apis_legacy/ScreenCapturePlugin.md
2026-02-23 09:43:58,503 - Knowledge - INFO - Fast-tracked /app/data/T0015/325511/b125717/entservices-apis-325511/docs/apis_legacy/PackageDownloader.md (ext=.md, size=9158)
2026-02-23 09:43:58,582 - Knowledge - INFO - Worker kw14 processing /app/data/T0015/325511/b125717/entservices-apis-325511/docs/apis_legacy/UserSettingsPlugin.md
2026-02-23 09:43:58,666 - Knowledge - INFO - Fast-tracked /app/data/T0015/325511/b125717/entservices-apis-325511/docs/apis_legacy/XCastPlugin.md (ext=.md, size=26306)
2026-02-23 09:43:58,755 - Knowledge - INFO - Fast-tracked /app/data/T0015/325511/b125717/entservices-apis-325511/docs/apis_legacy/DisplaySettingsPlugin.md (ext=.md, size=112575)
2026-02-23 09:43:58,839 - Knowledge - INFO - Worker kw18 processing /app/data/T0015/325511/b125717/entservices-apis-325511/docs/apis_legacy/SystemPlugin.md
2026-02-23 09:43:58,938 - Knowledge - INFO - Batch sizing: calculated=5, max_allowed=10, queue=175, active_workers=18/20
2026-02-23 09:43:59,033 - Knowledge - INFO - [kw20] Queue=170, InProgress=0, PendingWorkers=18/20, Completed=36/274 (13.1%)
2026-02-23 09:43:59,123 - Knowledge - INFO - process ingested knowledge for /app/data/T0015/325511/b125717/entservices-apis-325511/tools/md_generator/json/Packager/Packager.json
2026-02-23 09:43:59,210 - Knowledge - INFO - process ingested knowledge for /app/data/T0015/325511/b125717/entservices-apis-325511/tools/md_generator/json/MaintenanceManager/MaintenanceManagerPlugin.json
2026-02-23 09:43:59,306 - Knowledge - INFO - process ingested knowledge for /app/data/T0015/325511/b125717/entservices-apis-325511/tools/md_generator/json/PerformanceMetrics/PerformanceMetricsPlugin.json
2026-02-23 09:43:59,404 - Knowledge - INFO - process ingested knowledge for /app/data/T0015/325511/b125717/entservices-apis-325511/CMakeLists.txt
2026-02-23 09:43:59,482 - Knowledge - INFO - Worker kw16 processing /app/data/T0015/325511/b125717/entservices-apis-325511/docs/apis_legacy/PackageInstaller.md
2026-02-23 09:43:59,571 - Knowledge - INFO - process ingested knowledge for /app/data/T0015/325511/b125717/entservices-apis-325511/tools/md_generator/json/RemoteControl/RemoteControl.json
2026-02-23 09:43:59,665 - Knowledge - INFO - process ingested knowledge for /app/data/T0015/325511/b125717/entservices-apis-325511/tools/md_generator/json/DisplaySettings/DisplaySettingsPlugin.json
2026-02-23 09:43:59,754 - Knowledge - INFO - Fast-tracked /app/data/T0015/325511/b125717/entservices-apis-325511/docs/apis_legacy/USBDevicePlugin.md (ext=.md, size=11748)
2026-02-23 09:43:59,868 - Knowledge - INFO - Fast-tracked /app/data/T0015/325511/b125717/entservices-apis-325511/docs/apis_legacy/LEDControlPlugin.md (ext=.md, size=4494)
2026-02-23 09:44:00,000 - Knowledge - INFO - Worker kw11 processing /app/data/T0015/325511/b125717/entservices-apis-325511/docs/apis_legacy/PackagerPlugin.md
2026-02-23 09:44:00,088 - Knowledge - INFO - Fast-tracked /app/data/T0015/325511/b125717/entservices-apis-325511/docs/apis_legacy/ScreenCapturePlugin.md (ext=.md, size=4358)
2026-02-23 09:44:00,180 - Knowledge - INFO - Worker kw13 processing /app/data/T0015/325511/b125717/entservices-apis-325511/docs/apis_legacy/DeviceDiagnosticsPlugin.md
2026-02-23 09:44:00,272 - Knowledge - INFO - Fast-tracked /app/data/T0015/325511/b125717/entservices-apis-325511/docs/apis_legacy/UserSettingsPlugin.md (ext=.md, size=46659)
2026-02-23 09:44:00,385 - Knowledge - INFO - Worker kw15 processing /app/data/T0015/325511/b125717/entservices-apis-325511/docs/apis_legacy/USBMassStoragePlugin.md
2026-02-23 09:44:00,473 - Knowledge - INFO - Worker kw17 processing /app/data/T0015/325511/b125717/entservices-apis-325511/docs/apis_legacy/AVInputPlugin.md
2026-02-23 09:44:00,565 - Knowledge - INFO - Fast-tracked /app/data/T0015/325511/b125717/entservices-apis-325511/docs/apis_legacy/SystemPlugin.md (ext=.md, size=92710)
2026-02-23 09:44:00,649 - Knowledge - INFO - Worker kw19 processing /app/data/T0015/325511/b125717/entservices-apis-325511/docs/apis_legacy/PlayerInfoPlugin.md
2026-02-23 09:44:00,750 - Knowledge - INFO - Batch sizing: calculated=5, max_allowed=10, queue=170, active_workers=19/20
2026-02-23 09:44:00,835 - Knowledge - INFO - process ingested knowledge for /app/data/T0015/325511/b125717/entservices-apis-325511/tools/md_generator/json/Packager/PackagerPlugin.json
2026-02-23 09:44:00,926 - Knowledge - INFO - process ingested knowledge for /app/data/T0015/325511/b125717/entservices-apis-325511/tools/md_generator/json/SystemServices/SystemPlugin.json
2026-02-23 09:44:01,020 - Knowledge - INFO - process ingested knowledge for /app/data/T0015/325511/b125717/entservices-apis-325511/tools/md_generator/json/common/common.json
2026-02-23 09:44:01,109 - Knowledge - INFO - process ingested knowledge for /app/data/T0015/325511/b125717/entservices-apis-325511/tools/md_generator/generate_md.py
2026-02-23 09:44:01,243 - Knowledge - INFO - Fast-tracked /app/data/T0015/325511/b125717/entservices-apis-325511/docs/apis_legacy/PackageInstaller.md (ext=.md, size=10287)
2026-02-23 09:44:01,360 - Knowledge - INFO - process ingested knowledge for /app/data/T0015/325511/b125717/entservices-apis-325511/tools/md_generator/json/ResourceManager/ResourceManagerPlugin.json
2026-02-23 09:44:01,464 - Knowledge - INFO - process ingested knowledge for /app/data/T0015/325511/b125717/entservices-apis-325511/tools/md_generator/json/DisplaySettings/DisplaySettings.json
2026-02-23 09:44:01,586 - Knowledge - INFO - Fast-tracked /app/data/T0015/325511/b125717/entservices-apis-325511/tools/md_generator/h2md/logger.py (small file (2498 bytes))
2026-02-23 09:44:01,662 - Knowledge - INFO - Worker kw10 processing /app/data/T0015/325511/b125717/entservices-apis-325511/docs/apis_legacy/RemoteActionMappingPlugin.md
2026-02-23 09:44:01,795 - Knowledge - INFO - Fast-tracked /app/data/T0015/325511/b125717/entservices-apis-325511/docs/apis_legacy/PackagerPlugin.md (ext=.md, size=3443)
2026-02-23 09:44:01,883 - Knowledge - INFO - Worker kw12 processing /app/data/T0015/325511/b125717/entservices-apis-325511/docs/apis_legacy/SystemAudioPlayerPlugin.md
2026-02-23 09:44:02,032 - Knowledge - INFO - Fast-tracked /app/data/T0015/325511/b125717/entservices-apis-325511/docs/apis_legacy/DeviceDiagnosticsPlugin.md (ext=.md, size=7498)
2026-02-23 09:44:02,150 - Knowledge - INFO - Worker kw14 processing /app/data/T0015/325511/b125717/entservices-apis-325511/docs/apis_legacy/FirmwareUpdatePlugin.md
2026-02-23 09:44:02,294 - Knowledge - INFO - Fast-tracked /app/data/T0015/325511/b125717/entservices-apis-325511/docs/apis_legacy/USBMassStoragePlugin.md (ext=.md, size=8690)
2026-02-23 09:44:02,427 - Knowledge - INFO - Fast-tracked /app/data/T0015/325511/b125717/entservices-apis-325511/docs/apis_legacy/AVInputPlugin.md (ext=.md, size=32086)
2026-02-23 09:44:02,539 - Knowledge - INFO - Worker kw18 processing /app/data/T0015/325511/b125717/entservices-apis-325511/docs/apis_legacy/MiracastServicePlugin.md
2026-02-23 09:44:02,688 - Knowledge - INFO - Fast-tracked /app/data/T0015/325511/b125717/entservices-apis-325511/docs/apis_legacy/PlayerInfoPlugin.md (ext=.md, size=9795)
2026-02-23 09:44:02,781 - Knowledge - INFO - Worker kw20 processing /app/data/T0015/325511/b125717/entservices-apis-325511/docs/apis/MiracastPlayer.md
2026-02-23 09:44:03,164 - Knowledge - INFO - process ingested knowledge for /app/data/T0015/325511/b125717/entservices-apis-325511/tools/md_generator/json/SystemServices/System.json
2026-02-23 09:44:03,169 - Knowledge - INFO - process ingested knowledge for /app/data/T0015/325511/b125717/entservices-apis-325511/tools/md_generator/json/MotionDetection/MotionDetectionPlugin.json
2026-02-23 09:44:03,250 - Knowledge - INFO - process ingested knowledge for /app/data/T0015/325511/b125717/entservices-apis-325511/tools/md_generator/json/TextToSpeech/TextToSpeech.json
2026-02-23 09:44:03,387 - Knowledge - INFO - Worker kw16 processing /app/data/T0015/325511/b125717/entservices-apis-325511/docs/apis_legacy/TelemetryPlugin.md
2026-02-23 09:44:03,526 - Knowledge - INFO - process ingested knowledge for /app/data/T0015/325511/b125717/entservices-apis-325511/tools/md_generator/json/ResourceManager/ResourceManager.json
2026-02-23 09:44:03,600 - Knowledge - INFO - process ingested knowledge for /app/data/T0015/325511/b125717/entservices-apis-325511/tools/md_generator/json/VoiceControl/VoiceControlPlugin.json
2026-02-23 09:44:03,814 - Knowledge - INFO - Fast-tracked /app/data/T0015/325511/b125717/entservices-apis-325511/docs/apis_legacy/RemoteActionMappingPlugin.md (ext=.md, size=17212)
2026-02-23 09:44:03,936 - Knowledge - INFO - Worker kw11 processing /app/data/T0015/325511/b125717/entservices-apis-325511/docs/apis_legacy/OCIContainerPlugin.md
2026-02-23 09:44:04,011 - Knowledge - INFO - Processing batch of 6 files
2026-02-23 09:44:04,027 - Knowledge - INFO - Fast-tracked /app/data/T0015/325511/b125717/entservices-apis-325511/docs/apis_legacy/SystemAudioPlayerPlugin.md (ext=.md, size=20195)
2026-02-23 09:44:04,128 - Knowledge - INFO - Worker kw13 processing /app/data/T0015/325511/b125717/entservices-apis-325511/docs/apis_legacy/MonitorPlugin.md
2026-02-23 09:44:04,268 - Knowledge - INFO - Fast-tracked /app/data/T0015/325511/b125717/entservices-apis-325511/docs/apis_legacy/FirmwareUpdatePlugin.md (ext=.md, size=6934)
2026-02-23 09:44:04,332 - Knowledge - INFO - [WEBSOCKET] Sent: Type=progress_update, Size: 288, Duration: 0ms
2026-02-23 09:44:04,352 - Knowledge - INFO - Worker kw15 processing /app/data/T0015/325511/b125717/entservices-apis-325511/docs/apis_legacy/WarehousePlugin.md
2026-02-23 09:44:04,474 - Knowledge - INFO - Worker kw17 processing /app/data/T0015/325511/b125717/entservices-apis-325511/docs/apis_legacy/VoiceControlPlugin.md
2026-02-23 09:44:04,639 - Knowledge - INFO - Fast-tracked /app/data/T0015/325511/b125717/entservices-apis-325511/docs/apis_legacy/MiracastServicePlugin.md (ext=.md, size=12236)
2026-02-23 09:44:04,729 - Knowledge - INFO - Worker kw19 processing /app/data/T0015/325511/b125717/entservices-apis-325511/docs/apis_legacy/PerformanceMetricsPlugin.md
2026-02-23 09:44:04,911 - Knowledge - INFO - Fast-tracked /app/data/T0015/325511/b125717/entservices-apis-325511/docs/apis/MiracastPlayer.md (ext=.md, size=13557)
2026-02-23 09:44:05,184 - Knowledge - INFO - process ingested knowledge for /app/data/T0015/325511/b125717/entservices-apis-325511/tools/md_generator/json/MotionDetection/MotionDetection.json
2026-02-23 09:44:05,185 - Knowledge - INFO - process ingested knowledge for /app/data/T0015/325511/b125717/entservices-apis-325511/tools/md_generator/json/TextToSpeech/TextToSpeechPlugin.json
2026-02-23 09:44:05,294 - Knowledge - INFO - Fast-tracked /app/data/T0015/325511/b125717/entservices-apis-325511/docs/apis_legacy/TelemetryPlugin.md (ext=.md, size=7879)
2026-02-23 09:44:05,429 - Knowledge - INFO - process ingested knowledge for /app/data/T0015/325511/b125717/entservices-apis-325511/tools/md_generator/json/LinearPlaybackControl/LinearPlaybackControlPlugin.json
2026-02-23 09:44:05,708 - Knowledge - INFO - process ingested knowledge for /app/data/T0015/325511/b125717/entservices-apis-325511/tools/md_generator/json/VoiceControl/VoiceControl.json
2026-02-23 09:44:05,797 - Knowledge - INFO - Fast-tracked /app/data/T0015/325511/b125717/entservices-apis-325511/docs/apis_legacy/OCIContainerPlugin.md (ext=.md, size=26734)
2026-02-23 09:44:05,908 - Knowledge - INFO - process ingested knowledge for /app/data/T0015/325511/b125717/entservices-apis-325511/tools/md_generator/h2md/logger.py
2026-02-23 09:44:06,013 - Knowledge - INFO - Worker kw12 processing /app/data/T0015/325511/b125717/entservices-apis-325511/docs/apis_legacy/DeviceInfoPlugin.md
2026-02-23 09:44:06,147 - Knowledge - INFO - Fast-tracked /app/data/T0015/325511/b125717/entservices-apis-325511/docs/apis_legacy/MonitorPlugin.md (ext=.md, size=12022)
2026-02-23 09:44:06,248 - Knowledge - INFO - Worker kw14 processing /app/data/T0015/325511/b125717/entservices-apis-325511/docs/apis_legacy/HdcpProfilePlugin.md
2026-02-23 09:44:06,370 - Knowledge - INFO - Processing batch of 6 files
2026-02-23 09:44:06,376 - Knowledge - INFO - [LLM_CALL] Completed: Log.py:chunk1, Duration: 8370ms, PromptTokens: 2746, CompletionTokens: 482, Cost: $0.00047
2026-02-23 09:44:06,482 - Knowledge - INFO - Fast-tracked /app/data/T0015/325511/b125717/entservices-apis-325511/docs/apis_legacy/WarehousePlugin.md (ext=.md, size=9581)
2026-02-23 09:44:06,574 - Knowledge - INFO - Fast-tracked /app/data/T0015/325511/b125717/entservices-apis-325511/docs/apis_legacy/VoiceControlPlugin.md (ext=.md, size=26237)
2026-02-23 09:44:06,681 - Knowledge - INFO - Worker kw18 processing /app/data/T0015/325511/b125717/entservices-apis-325511/docs/apis_legacy/RemoteControlPlugin.md
2026-02-23 09:44:06,781 - Knowledge - INFO - Fast-tracked /app/data/T0015/325511/b125717/entservices-apis-325511/docs/apis_legacy/PerformanceMetricsPlugin.md (ext=.md, size=1236)
2026-02-23 09:44:06,878 - Knowledge - INFO - Worker kw20 processing /app/data/T0015/325511/b125717/entservices-apis-325511/docs/apis/NetflixPlugin.md
2026-02-23 09:44:07,040 - Knowledge - INFO - process ingested knowledge for /app/data/T0015/325511/b125717/entservices-apis-325511/tools/md_generator/json/Monitor/Monitor.json
2026-02-23 09:44:07,111 - Knowledge - INFO - Worker kw16 processing /app/data/T0015/325511/b125717/entservices-apis-325511/docs/apis_legacy/HomeKitTVPlugin.md
2026-02-23 09:44:07,234 - Knowledge - INFO - process ingested knowledge for /app/data/T0015/325511/b125717/entservices-apis-325511/tools/md_generator/json/LinearPlaybackControl/LinearPlaybackControl.json
2026-02-23 09:44:07,331 - Knowledge - INFO - process ingested knowledge for /app/data/T0015/325511/b125717/entservices-apis-325511/tools/md_generator/json/OpenCDMi/OpenCDMiPlugin.json
2026-02-23 09:44:07,476 - Knowledge - INFO - process ingested knowledge for /app/data/T0015/325511/b125717/entservices-apis-325511/docs/_sidebar.md
2026-02-23 09:44:07,589 - Knowledge - INFO - Fast-tracked /app/data/T0015/325511/b125717/entservices-apis-325511/docs/apis_legacy/DeviceInfoPlugin.md (ext=.md, size=22901)
2026-02-23 09:44:07,666 - Knowledge - INFO - Worker kw13 processing /app/data/T0015/325511/b125717/entservices-apis-325511/docs/apis_legacy/AnalyticsPlugin.md
2026-02-23 09:44:07,750 - Knowledge - INFO - Fast-tracked /app/data/T0015/325511/b125717/entservices-apis-325511/docs/apis_legacy/HdcpProfilePlugin.md (ext=.md, size=6445)
2026-02-23 09:44:07,864 - Knowledge - INFO - process ingested knowledge for /app/data/T0015/325511/b125717/entservices-apis-325511/docs/apis_legacy/NetflixPlugin.md
2026-02-23 09:44:07,950 - Knowledge - INFO - done ingest for /app/data/T0015/325511/b125717/entservices-apis-325511/tools/md_generator/json2md/Log.py
2026-02-23 09:44:07,951 - Knowledge - INFO - [WEBSOCKET] Sent: Type=unknown, Size: ?, Duration: 3619ms
2026-02-23 09:44:08,039 - Knowledge - INFO - Worker kw15 processing /app/data/T0015/325511/b125717/entservices-apis-325511/docs/apis_legacy/LinearPlaybackControlPlugin.md
2026-02-23 09:44:08,164 - Knowledge - INFO - Worker kw17 processing /app/data/T0015/325511/b125717/entservices-apis-325511/docs/apis_legacy/OpenCDMiPlugin.md
2026-02-23 09:44:08,265 - Knowledge - INFO - Fast-tracked /app/data/T0015/325511/b125717/entservices-apis-325511/docs/apis_legacy/RemoteControlPlugin.md (ext=.md, size=30499)
2026-02-23 09:44:08,355 - Knowledge - INFO - Worker kw19 processing /app/data/T0015/325511/b125717/entservices-apis-325511/docs/apis_legacy/UserPreferencesPlugin.md
2026-02-23 09:44:08,441 - Knowledge - INFO - Fast-tracked /app/data/T0015/325511/b125717/entservices-apis-325511/docs/apis/NetflixPlugin.md (ext=.md, size=8967)
2026-02-23 09:44:08,549 - Knowledge - INFO - process ingested knowledge for /app/data/T0015/325511/b125717/entservices-apis-325511/tools/md_generator/json/Monitor/MonitorPlugin.json
2026-02-23 09:44:08,632 - Knowledge - INFO - Fast-tracked /app/data/T0015/325511/b125717/entservices-apis-325511/docs/apis_legacy/HomeKitTVPlugin.md (ext=.md, size=11964)
2026-02-23 09:44:08,867 - Knowledge - INFO - process ingested knowledge for /app/data/T0015/325511/b125717/entservices-apis-325511/tools/md_generator/json/OpenCDMi/OpenCDMi.json
2026-02-23 09:44:08,874 - Knowledge - INFO - process ingested knowledge for /app/data/T0015/325511/b125717/entservices-apis-325511/docs/_coverpage.md
2026-02-23 09:44:09,093 - Knowledge - INFO - Fast-tracked /app/data/T0015/325511/b125717/entservices-apis-325511/docs/apis_legacy/AnalyticsPlugin.md (ext=.md, size=4058)
2026-02-23 09:44:09,186 - Knowledge - INFO - Worker kw14 processing /app/data/T0015/325511/b125717/entservices-apis-325511/docs/apis_legacy/TextToSpeechPlugin.md
2026-02-23 09:44:09,273 - Knowledge - INFO - process ingested knowledge for /app/data/T0015/325511/b125717/entservices-apis-325511/docs/apis_legacy/SystemModePlugin.md
2026-02-23 09:44:09,443 - Knowledge - INFO - Progress: 15.3% | Files: 64/274 | Rate: 1.76 files/sec | Queue: 160
2026-02-23 09:44:09,445 - Knowledge - INFO - [LLM_CALL] Completed: generate_md_incremental.py:chunk1, Duration: 13409ms, PromptTokens: 6016, CompletionTokens: 454, Cost: $0.00078
2026-02-23 09:44:09,531 - Knowledge - INFO - Fast-tracked /app/data/T0015/325511/b125717/entservices-apis-325511/docs/apis_legacy/LinearPlaybackControlPlugin.md (ext=.md, size=9935)
2026-02-23 09:44:09,606 - Knowledge - INFO - Fast-tracked /app/data/T0015/325511/b125717/entservices-apis-325511/docs/apis_legacy/OpenCDMiPlugin.md (ext=.md, size=3992)
2026-02-23 09:44:09,723 - Knowledge - INFO - Worker kw18 processing /app/data/T0015/325511/b125717/entservices-apis-325511/docs/apis_legacy/RDKShellPlugin.md
2026-02-23 09:44:09,823 - Knowledge - INFO - Fast-tracked /app/data/T0015/325511/b125717/entservices-apis-325511/docs/apis_legacy/UserPreferencesPlugin.md (ext=.md, size=3592)
2026-02-23 09:44:09,915 - Knowledge - INFO - Worker kw20 processing /app/data/T0015/325511/b125717/entservices-apis-325511/docs/apis/FrontPanel.md
2026-02-23 09:44:10,109 - Knowledge - INFO - Worker kw16 processing /app/data/T0015/325511/b125717/entservices-apis-325511/docs/apis_legacy/FrameRatePlugin.md
2026-02-23 09:44:10,383 - Knowledge - INFO - process ingested knowledge for /app/data/T0015/325511/b125717/entservices-apis-325511/docs/apis_legacy/HdmiCecSinkPlugin.md
2026-02-23 09:44:10,470 - Knowledge - INFO - Fast-tracked /app/data/T0015/325511/b125717/entservices-apis-325511/docs/apis_legacy/TextToSpeechPlugin.md (ext=.md, size=25304)
2026-02-23 09:44:10,706 - Knowledge - INFO - process ingested knowledge for /app/data/T0015/325511/b125717/entservices-apis-325511/docs/apis_legacy/WebKitBrowserPlugin.md
2026-02-23 09:44:10,707 - Knowledge - INFO - [kw2] Queue=160, InProgress=0, PendingWorkers=20/20, Completed=70/274 (25.5%)
2026-02-23 09:44:10,740 - Knowledge - INFO - done ingest for /app/data/T0015/325511/b125717/entservices-apis-325511/tools/md_generator/generate_md_incremental.py
2026-02-23 09:44:10,740 - Knowledge - INFO - Processing batch of 6 files
2026-02-23 09:44:10,740 - Knowledge - INFO - Processing batch of 6 files
2026-02-23 09:44:10,741 - Knowledge - INFO - Processing batch of 6 files
2026-02-23 09:44:10,879 - Knowledge - INFO - [WEBSOCKET] Sent: Type=progress_update, Size: 290, Duration: 0ms
2026-02-23 09:44:10,883 - Knowledge - INFO - [kw3] Queue=160, InProgress=0, PendingWorkers=20/20, Completed=73/274 (26.6%)
2026-02-23 09:44:10,883 - Knowledge - INFO - [kw1] Queue=160, InProgress=0, PendingWorkers=20/20, Completed=73/274 (26.6%)
2026-02-23 09:44:10,883 - Knowledge - INFO - [kw5] Queue=160, InProgress=0, PendingWorkers=20/20, Completed=73/274 (26.6%)
2026-02-23 09:44:10,919 - Knowledge - INFO - Worker kw17 processing /app/data/T0015/325511/b125717/entservices-apis-325511/docs/apis_legacy/MotionDetectionPlugin.md
2026-02-23 09:44:11,013 - Knowledge - INFO - Fast-tracked /app/data/T0015/325511/b125717/entservices-apis-325511/docs/apis_legacy/RDKShellPlugin.md (ext=.md, size=95488)
2026-02-23 09:44:11,100 - Knowledge - INFO - Worker kw19 processing /app/data/T0015/325511/b125717/entservices-apis-325511/docs/apis_legacy/MiracastPlayerPlugin.md
2026-02-23 09:44:11,209 - Knowledge - INFO - Fast-tracked /app/data/T0015/325511/b125717/entservices-apis-325511/docs/apis/FrontPanel.md (ext=.md, size=9735)
2026-02-23 09:44:11,334 - Knowledge - INFO - Fast-tracked /app/data/T0015/325511/b125717/entservices-apis-325511/docs/apis_legacy/FrameRatePlugin.md (ext=.md, size=10773)
2026-02-23 09:44:11,409 - Knowledge - INFO - process ingested knowledge for /app/data/T0015/325511/b125717/entservices-apis-325511/docs/apis_legacy/DisplayInfoPlugin.md
2026-02-23 09:44:11,590 - Knowledge - INFO - process ingested knowledge for /app/data/T0015/325511/b125717/entservices-apis-325511/docs/apis_legacy/DeviceIdentificationPlugin.md
2026-02-23 09:44:11,673 - Knowledge - INFO - Batch sizing: calculated=5, max_allowed=10, queue=160, active_workers=20/20
2026-02-23 09:44:11,923 - Knowledge - INFO - process ingested knowledge for /app/data/T0015/325511/b125717/entservices-apis-325511/docs/apis_legacy/BluetoothPlugin.md
2026-02-23 09:44:12,115 - Knowledge - INFO - process ingested knowledge for /app/data/T0015/325511/b125717/entservices-apis-325511/docs/apis_legacy/HdmiCecSourcePlugin.md
2026-02-23 09:44:12,246 - Knowledge - INFO - process ingested knowledge for /app/data/T0015/325511/b125717/entservices-apis-325511/docs/apis_legacy/AppManagerPlugin.md
2026-02-23 09:44:12,429 - Knowledge - INFO - Processing batch of 5 files
2026-02-23 09:44:12,455 - Knowledge - INFO - Processing batch of 6 files
2026-02-23 09:44:12,455 - Knowledge - INFO - [WEBSOCKET] Sent: Type=unknown, Size: ?, Duration: 1576ms
2026-02-23 09:44:12,529 - Knowledge - INFO - Batch sizing: calculated=5, max_allowed=10, queue=160, active_workers=20/20
2026-02-23 09:44:12,706 - Knowledge - INFO - Batch sizing: calculated=5, max_allowed=10, queue=160, active_workers=20/20
2026-02-23 09:44:12,820 - Knowledge - INFO - Batch sizing: calculated=5, max_allowed=10, queue=160, active_workers=20/20
2026-02-23 09:44:12,934 - Knowledge - INFO - Fast-tracked /app/data/T0015/325511/b125717/entservices-apis-325511/docs/apis_legacy/MotionDetectionPlugin.md (ext=.md, size=19642)
2026-02-23 09:44:13,122 - Knowledge - INFO - Worker kw18 processing /app/data/T0015/325511/b125717/entservices-apis-325511/docs/apis_legacy/FrontPanelPlugin.md
2026-02-23 09:44:13,325 - Knowledge - INFO - Fast-tracked /app/data/T0015/325511/b125717/entservices-apis-325511/docs/apis_legacy/MiracastPlayerPlugin.md (ext=.md, size=23348)
2026-02-23 09:44:13,412 - Knowledge - INFO - Worker kw20 processing /app/data/T0015/325511/b125717/entservices-apis-325511/docs/apis/PlayerInfo.md
2026-02-23 09:44:13,888 - Knowledge - INFO - process ingested knowledge for /app/data/T0015/325511/b125717/entservices-apis-325511/docs/apis_legacy/USBDevicePlugin.md
2026-02-23 09:44:13,989 - Knowledge - INFO - process ingested knowledge for /app/data/T0015/325511/b125717/entservices-apis-325511/docs/apis_legacy/LEDControlPlugin.md
2026-02-23 09:44:14,245 - Knowledge - INFO - process ingested knowledge for /app/data/T0015/325511/b125717/entservices-apis-325511/docs/apis_legacy/MessageControlPlugin.md
2026-02-23 09:44:14,333 - Knowledge - INFO - process ingested knowledge for /app/data/T0015/325511/b125717/entservices-apis-325511/docs/apis_legacy/DTVPlugin.md
2026-02-23 09:44:14,414 - Knowledge - INFO - process ingested knowledge for /app/data/T0015/325511/b125717/entservices-apis-325511/docs/apis_legacy/SharedStoragePlugin.md
2026-02-23 09:44:14,499 - Knowledge - INFO - process ingested knowledge for /app/data/T0015/325511/b125717/entservices-apis-325511/docs/apis_legacy/ResourceManagerPlugin.md
2026-02-23 09:44:14,620 - Knowledge - INFO - process ingested knowledge for /app/data/T0015/325511/b125717/entservices-apis-325511/docs/apis_legacy/PowerManagerPlugin.md
2026-02-23 09:44:14,724 - Knowledge - INFO - Progress: 25.5% | Files: 88/274 | Rate: 2.06 files/sec | Queue: 155
2026-02-23 09:44:14,725 - Knowledge - INFO - Processing batch of 5 files
2026-02-23 09:44:14,725 - Knowledge - INFO - Async storing batch of 6 embeddings
2026-02-23 09:44:14,726 - Knowledge - INFO - [LLM_CALL] Completed: markdown_templates.py:chunk1, Duration: 17871ms, PromptTokens: 8876, CompletionTokens: 886, Cost: $0.00124
2026-02-23 09:44:15,314 - Knowledge - INFO - Fast-tracked /app/data/T0015/325511/b125717/entservices-apis-325511/docs/apis_legacy/FrontPanelPlugin.md (ext=.md, size=9196)
2026-02-23 09:44:15,383 - Knowledge - INFO - Worker kw19 processing /app/data/T0015/325511/b125717/entservices-apis-325511/docs/homepage.md
2026-02-23 09:44:15,474 - Knowledge - INFO - Fast-tracked /app/data/T0015/325511/b125717/entservices-apis-325511/docs/apis/PlayerInfo.md (ext=.md, size=9248)
2026-02-23 09:44:15,669 - Knowledge - INFO - process ingested knowledge for /app/data/T0015/325511/b125717/entservices-apis-325511/docs/apis_legacy/RemoteActionMappingPlugin.md
2026-02-23 09:44:15,751 - Knowledge - INFO - process ingested knowledge for /app/data/T0015/325511/b125717/entservices-apis-325511/docs/apis_legacy/MaintenanceManagerPlugin.md
2026-02-23 09:44:15,844 - Knowledge - INFO - process ingested knowledge for /app/data/T0015/325511/b125717/entservices-apis-325511/docs/apis_legacy/RDKWindowManagerPlugin.md
2026-02-23 09:44:15,921 - Knowledge - INFO - process ingested knowledge for /app/data/T0015/325511/b125717/entservices-apis-325511/docs/apis_legacy/PackageDownloader.md
2026-02-23 09:44:16,001 - Knowledge - INFO - process ingested knowledge for /app/data/T0015/325511/b125717/entservices-apis-325511/docs/apis_legacy/XCastPlugin.md
2026-02-23 09:44:16,136 - Knowledge - INFO - process ingested knowledge for /app/data/T0015/325511/b125717/entservices-apis-325511/docs/apis_legacy/StorageManagerPlugin.md
2026-02-23 09:44:16,205 - Knowledge - INFO - [kw4] Queue=140, InProgress=0, PendingWorkers=20/20, Completed=93/274 (33.9%)
2026-02-23 09:44:16,298 - Knowledge - INFO - process ingested knowledge for /app/data/T0015/325511/b125717/entservices-apis-325511/docs/apis_legacy/LifecycleManagerPlugin.md
2026-02-23 09:44:16,416 - Knowledge - INFO - Worker kw2 processing /app/data/T0015/325511/b125717/entservices-apis-325511/docs/apis/BluetoothPlugin.md
2026-02-23 09:44:16,508 - Knowledge - INFO - done ingest for /app/data/T0015/325511/b125717/entservices-apis-325511/tools/md_generator/h2md/markdown_templates.py
2026-02-23 09:44:16,508 - Knowledge - INFO - [WEBSOCKET] Sent: Type=progress_update, Size: 291, Duration: 1784ms
2026-02-23 09:44:16,715 - Knowledge - INFO - Fast-tracked /app/data/T0015/325511/b125717/entservices-apis-325511/docs/homepage.md (ext=.md, size=870)
2026-02-23 09:44:16,837 - Knowledge - INFO - Worker kw20 processing /app/data/T0015/325511/b125717/entservices-apis-325511/docs/apis/PreinstallManager.md
2026-02-23 09:44:16,988 - Knowledge - INFO - process ingested knowledge for /app/data/T0015/325511/b125717/entservices-apis-325511/docs/apis_legacy/PersistentStorePlugin.md
2026-02-23 09:44:17,062 - Knowledge - INFO - process ingested knowledge for /app/data/T0015/325511/b125717/entservices-apis-325511/docs/apis_legacy/ScreenCapturePlugin.md
2026-02-23 09:44:17,147 - Knowledge - INFO - process ingested knowledge for /app/data/T0015/325511/b125717/entservices-apis-325511/docs/apis_legacy/DeviceDiagnosticsPlugin.md
2026-02-23 09:44:17,257 - Knowledge - INFO - process ingested knowledge for /app/data/T0015/325511/b125717/entservices-apis-325511/docs/apis_legacy/USBMassStoragePlugin.md
2026-02-23 09:44:17,376 - Knowledge - INFO - process ingested knowledge for /app/data/T0015/325511/b125717/entservices-apis-325511/docs/apis_legacy/UserSettingsPlugin.md
2026-02-23 09:44:17,475 - Knowledge - INFO - Batch sizing: calculated=5, max_allowed=10, queue=140, active_workers=20/20
2026-02-23 09:44:17,565 - Knowledge - INFO - process ingested knowledge for /app/data/T0015/325511/b125717/entservices-apis-325511/docs/apis_legacy/PackageInstaller.md
2026-02-23 09:44:17,676 - Knowledge - INFO - Fast-tracked /app/data/T0015/325511/b125717/entservices-apis-325511/docs/apis/BluetoothPlugin.md (ext=.md, size=50299)
2026-02-23 09:44:17,852 - Knowledge - INFO - Async storing batch of 6 embeddings
2026-02-23 09:44:17,853 - Knowledge - INFO - Processing batch of 6 files
2026-02-23 09:44:17,858 - Knowledge - INFO - Async storing batch of 6 embeddings
2026-02-23 09:44:17,869 - Knowledge - INFO - Processing batch of 5 files
2026-02-23 09:44:17,922 - Knowledge - INFO - Processing batch of 5 files
2026-02-23 09:44:17,928 - Knowledge - INFO - Async storing batch of 6 embeddings
2026-02-23 09:44:17,938 - Knowledge - INFO - [kw9] Queue=140, InProgress=0, PendingWorkers=20/20, Completed=98/274 (35.8%)
2026-02-23 09:44:17,956 - Knowledge - INFO - [WEBSOCKET] Sent: Type=unknown, Size: ?, Duration: 34ms
2026-02-23 09:44:18,043 - Knowledge - INFO - Fast-tracked /app/data/T0015/325511/b125717/entservices-apis-325511/docs/apis/PreinstallManager.md (ext=.md, size=3922)
2026-02-23 09:44:18,156 - Knowledge - INFO - process ingested knowledge for /app/data/T0015/325511/b125717/entservices-apis-325511/docs/apis_legacy/PackagerPlugin.md
2026-02-23 09:44:18,244 - Knowledge - INFO - process ingested knowledge for /app/data/T0015/325511/b125717/entservices-apis-325511/docs/apis_legacy/SystemAudioPlayerPlugin.md
2026-02-23 09:44:18,367 - Knowledge - INFO - process ingested knowledge for /app/data/T0015/325511/b125717/entservices-apis-325511/docs/apis_legacy/MonitorPlugin.md
2026-02-23 09:44:18,447 - Knowledge - INFO - process ingested knowledge for /app/data/T0015/325511/b125717/entservices-apis-325511/docs/apis_legacy/WarehousePlugin.md
2026-02-23 09:44:18,527 - Knowledge - INFO - process ingested knowledge for /app/data/T0015/325511/b125717/entservices-apis-325511/docs/apis_legacy/FirmwareUpdatePlugin.md
2026-02-23 09:44:18,705 - Knowledge - INFO - process ingested knowledge for /app/data/T0015/325511/b125717/entservices-apis-325511/docs/apis_legacy/TelemetryPlugin.md
2026-02-23 09:44:18,827 - Knowledge - INFO - Worker kw2 processing /app/data/T0015/325511/b125717/entservices-apis-325511/docs/apis/MiracastService.md
2026-02-23 09:44:18,911 - Knowledge - INFO - Worker kw3 processing /app/data/T0015/325511/b125717/entservices-apis-325511/docs/apis/ResourceManager.md
2026-02-23 09:44:19,026 - Knowledge - INFO - process ingested knowledge for /app/data/T0015/325511/b125717/entservices-apis-325511/tools/md_generator/json2md/schemas/interface.schema.json
2026-02-23 09:44:19,116 - Knowledge - INFO - Worker kw5 processing /app/data/T0015/325511/b125717/entservices-apis-325511/docs/apis/PackageManager.md
2026-02-23 09:44:19,206 - Knowledge - INFO - process ingested knowledge for /app/data/T0015/325511/b125717/entservices-apis-325511/docs/apis_legacy/DisplaySettingsPlugin.md
2026-02-23 09:44:19,319 - Knowledge - INFO - process ingested knowledge for /app/data/T0015/325511/b125717/entservices-apis-325511/docs/apis_legacy/SystemPlugin.md
2026-02-23 09:44:19,421 - Knowledge - INFO - Worker kw1 processing /app/data/T0015/325511/b125717/entservices-apis-325511/docs/apis/USBMassStorage.md
2026-02-23 09:44:19,505 - Knowledge - INFO - Batch sizing: calculated=5, max_allowed=10, queue=140, active_workers=20/20
2026-02-23 09:44:19,592 - Knowledge - INFO - Progress: 32.1% | Files: 103/274 | Rate: 2.20 files/sec | Queue: 135
2026-02-23 09:44:19,592 - Knowledge - INFO - [WEBSOCKET] Sent: Type=progress_update, Size: 288, Duration: 1664ms
2026-02-23 09:44:19,816 - Knowledge - INFO - process ingested knowledge for /app/data/T0015/325511/b125717/entservices-apis-325511/docs/apis_legacy/OCIContainerPlugin.md
2026-02-23 09:44:19,933 - Knowledge - INFO - process ingested knowledge for /app/data/T0015/325511/b125717/entservices-apis-325511/docs/apis_legacy/DeviceInfoPlugin.md
2026-02-23 09:44:20,013 - Knowledge - INFO - process ingested knowledge for /app/data/T0015/325511/b125717/entservices-apis-325511/docs/apis_legacy/AnalyticsPlugin.md
2026-02-23 09:44:20,141 - Knowledge - INFO - process ingested knowledge for /app/data/T0015/325511/b125717/entservices-apis-325511/docs/apis_legacy/LinearPlaybackControlPlugin.md
2026-02-23 09:44:20,215 - Knowledge - INFO - process ingested knowledge for /app/data/T0015/325511/b125717/entservices-apis-325511/docs/apis_legacy/HdcpProfilePlugin.md
2026-02-23 09:44:20,306 - Knowledge - INFO - process ingested knowledge for /app/data/T0015/325511/b125717/entservices-apis-325511/docs/apis_legacy/HomeKitTVPlugin.md
2026-02-23 09:44:20,419 - Knowledge - INFO - Fast-tracked /app/data/T0015/325511/b125717/entservices-apis-325511/docs/apis/MiracastService.md (ext=.md, size=12293)
2026-02-23 09:44:20,533 - Knowledge - INFO - Fast-tracked /app/data/T0015/325511/b125717/entservices-apis-325511/docs/apis/ResourceManager.md (ext=.md, size=5893)
2026-02-23 09:44:20,638 - Knowledge - INFO - process ingested knowledge for /app/data/T0015/325511/b125717/entservices-apis-325511/tools/md_generator/json2md/schemas/plugin.schema.json
2026-02-23 09:44:20,725 - Knowledge - INFO - Fast-tracked /app/data/T0015/325511/b125717/entservices-apis-325511/docs/apis/PackageManager.md (ext=.md, size=33509)
2026-02-23 09:44:20,813 - Knowledge - INFO - process ingested knowledge for /app/data/T0015/325511/b125717/entservices-apis-325511/docs/apis_legacy/AVInputPlugin.md
2026-02-23 09:44:20,897 - Knowledge - INFO - process ingested knowledge for /app/data/T0015/325511/b125717/entservices-apis-325511/docs/apis_legacy/MiracastServicePlugin.md
2026-02-23 09:44:20,985 - Knowledge - INFO - Fast-tracked /app/data/T0015/325511/b125717/entservices-apis-325511/docs/apis/USBMassStorage.md (ext=.md, size=9629)
2026-02-23 09:44:21,185 - Knowledge - INFO - [kw6] Queue=130, InProgress=0, PendingWorkers=20/20, Completed=108/274 (39.4%)
2026-02-23 09:44:21,268 - Knowledge - INFO - [LLM_CALL] Completed: generate_md_from_header.py:chunk1, Duration: 23648ms, PromptTokens: 4316, CompletionTokens: 702, Cost: $0.00071
2026-02-23 09:44:21,960 - Knowledge - INFO - Worker kw2 processing /app/data/T0015/325511/b125717/entservices-apis-325511/docs/apis/MaintenanceManagerPlugin.md
2026-02-23 09:44:21,978 - Knowledge - INFO - process ingested knowledge for /app/data/T0015/325511/b125717/entservices-apis-325511/docs/apis_legacy/TextToSpeechPlugin.md
2026-02-23 09:44:22,064 - Knowledge - INFO - Worker kw3 processing /app/data/T0015/325511/b125717/entservices-apis-325511/docs/apis/AmazonPrime.md
2026-02-23 09:44:22,219 - Knowledge - INFO - process ingested knowledge for /app/data/T0015/325511/b125717/entservices-apis-325511/docs/apis_legacy/FrameRatePlugin.md
2026-02-23 09:44:22,247 - Knowledge - INFO - Worker kw5 processing /app/data/T0015/325511/b125717/entservices-apis-325511/docs/apis/MonitorPlugin.md
2026-02-23 09:44:22,272 - Knowledge - INFO - process ingested knowledge for /app/data/T0015/325511/b125717/entservices-apis-325511/tools/md_generator/json2md/docs_common.json
2026-02-23 09:44:22,489 - Knowledge - INFO - Worker kw1 processing /app/data/T0015/325511/b125717/entservices-apis-325511/docs/apis/AppGateway.md
2026-02-23 09:44:22,565 - Knowledge - INFO - Batch sizing: calculated=5, max_allowed=10, queue=130, active_workers=20/20
2026-02-23 09:44:22,613 - Knowledge - INFO - process ingested knowledge for /app/data/T0015/325511/b125717/entservices-apis-325511/docs/apis_legacy/VoiceControlPlugin.md
2026-02-23 09:44:22,653 - Knowledge - INFO - done ingest for /app/data/T0015/325511/b125717/entservices-apis-325511/tools/md_generator/h2md/generate_md_from_header.py
2026-02-23 09:44:22,656 - Knowledge - INFO - Processing batch of 5 files
2026-02-23 09:44:22,657 - Knowledge - INFO - Async storing batch of 6 embeddings
2026-02-23 09:44:22,657 - Knowledge - INFO - Processing batch of 5 files
2026-02-23 09:44:22,658 - Knowledge - INFO - Async storing batch of 6 embeddings
2026-02-23 09:44:22,659 - Knowledge - INFO - Progress: 35.8% | Files: 108/274 | Rate: 2.16 files/sec | Queue: 130
2026-02-23 09:44:22,749 - Knowledge - INFO - Fast-tracked /app/data/T0015/325511/b125717/entservices-apis-325511/docs/apis/MaintenanceManagerPlugin.md (ext=.md, size=11072)
2026-02-23 09:44:22,871 - Knowledge - INFO - process ingested knowledge for /app/data/T0015/325511/b125717/entservices-apis-325511/docs/apis_legacy/RemoteControlPlugin.md
2026-02-23 09:44:22,871 - Knowledge - INFO - [WEBSOCKET] Sent: Type=progress_update, Size: 292, Duration: 0ms
2026-02-23 09:44:22,924 - Knowledge - INFO - Fast-tracked /app/data/T0015/325511/b125717/entservices-apis-325511/docs/apis/AmazonPrime.md (ext=.md, size=6118)
2026-02-23 09:44:22,955 - Knowledge - INFO - [kw12] Queue=130, InProgress=0, PendingWorkers=20/20, Completed=108/274 (39.4%)
2026-02-23 09:44:23,133 - Knowledge - INFO - Fast-tracked /app/data/T0015/325511/b125717/entservices-apis-325511/docs/apis/MonitorPlugin.md (ext=.md, size=12022)
2026-02-23 09:44:23,368 - Knowledge - INFO - Fast-tracked /app/data/T0015/325511/b125717/entservices-apis-325511/docs/apis/AppGateway.md (ext=.md, size=2547)
2026-02-23 09:44:23,434 - Knowledge - INFO - process ingested knowledge for /app/data/T0015/325511/b125717/entservices-apis-325511/tools/md_generator/json2md/Log.py
2026-02-23 09:44:23,581 - Knowledge - INFO - process ingested knowledge for /app/data/T0015/325511/b125717/entservices-apis-325511/docs/apis_legacy/OpenCDMiPlugin.md
2026-02-23 09:44:23,718 - Knowledge - INFO - process ingested knowledge for /app/data/T0015/325511/b125717/entservices-apis-325511/docs/apis_legacy/PlayerInfoPlugin.md
2026-02-23 09:44:23,894 - Knowledge - INFO - Worker kw4 processing /app/data/T0015/325511/b125717/entservices-apis-325511/docs/apis/ResourceManagerPlugin.md
2026-02-23 09:44:24,032 - Knowledge - INFO - process ingested knowledge for /app/data/T0015/325511/b125717/entservices-apis-325511/docs/apis/MiracastPlayer.md
2026-02-23 09:44:24,169 - Knowledge - INFO - Worker kw9 processing /app/data/T0015/325511/b125717/entservices-apis-325511/docs/apis/USBDevice.md
2026-02-23 09:44:24,458 - Knowledge - INFO - Worker kw2 processing /app/data/T0015/325511/b125717/entservices-apis-325511/docs/apis/PackagerPlugin.md
2026-02-23 09:44:24,756 - Knowledge - INFO - Async storing batch of 6 embeddings
2026-02-23 09:44:24,756 - Knowledge - INFO - [WEBSOCKET] Sent: Type=unknown, Size: ?, Duration: 1885ms
2026-02-23 09:44:24,847 - Knowledge - INFO - Worker kw3 processing /app/data/T0015/325511/b125717/entservices-apis-325511/docs/apis/DownloadManager.md
2026-02-23 09:44:24,938 - Knowledge - INFO - [kw10] Queue=125, InProgress=0, PendingWorkers=20/20, Completed=108/274 (39.4%)
2026-02-23 09:44:24,939 - Knowledge - INFO - process ingested knowledge for /app/data/T0015/325511/b125717/entservices-apis-325511/docs/apis_legacy/RDKShellPlugin.md
2026-02-23 09:44:24,939 - Knowledge - INFO - Batch sizing: calculated=5, max_allowed=10, queue=130, active_workers=20/20
2026-02-23 09:44:24,940 - Knowledge - INFO - [kw15] Queue=125, InProgress=0, PendingWorkers=20/20, Completed=108/274 (39.4%)
2026-02-23 09:44:25,061 - Knowledge - INFO - Worker kw5 processing /app/data/T0015/325511/b125717/entservices-apis-325511/docs/apis/FrameRate.md
2026-02-23 09:44:25,166 - Knowledge - INFO - Worker kw1 processing /app/data/T0015/325511/b125717/entservices-apis-325511/docs/apis/SystemAudioPlayerPlugin.md
2026-02-23 09:44:25,428 - Knowledge - INFO - [kw13] Queue=125, InProgress=0, PendingWorkers=20/20, Completed=108/274 (39.4%)
2026-02-23 09:44:25,434 - Knowledge - INFO - process ingested knowledge for /app/data/T0015/325511/b125717/entservices-apis-325511/tools/md_generator/json2md/global.json
2026-02-23 09:44:25,434 - Knowledge - INFO - process ingested knowledge for /app/data/T0015/325511/b125717/entservices-apis-325511/docs/apis_legacy/MotionDetectionPlugin.md
2026-02-23 09:44:25,471 - Knowledge - INFO - process ingested knowledge for /app/data/T0015/325511/b125717/entservices-apis-325511/docs/apis_legacy/PerformanceMetricsPlugin.md
2026-02-23 09:44:25,599 - Knowledge - INFO - Fast-tracked /app/data/T0015/325511/b125717/entservices-apis-325511/docs/apis/ResourceManagerPlugin.md (ext=.md, size=5184)
2026-02-23 09:44:25,674 - Knowledge - INFO - process ingested knowledge for /app/data/T0015/325511/b125717/entservices-apis-325511/docs/apis/NetflixPlugin.md
2026-02-23 09:44:25,782 - Knowledge - INFO - Fast-tracked /app/data/T0015/325511/b125717/entservices-apis-325511/docs/apis/USBDevice.md (ext=.md, size=12619)
2026-02-23 09:44:25,919 - Knowledge - INFO - Fast-tracked /app/data/T0015/325511/b125717/entservices-apis-325511/docs/apis/PackagerPlugin.md (ext=.md, size=3443)
2026-02-23 09:44:25,998 - Knowledge - INFO - Worker kw6 processing /app/data/T0015/325511/b125717/entservices-apis-325511/docs/apis/LEDControl.md
2026-02-23 09:44:26,098 - Knowledge - INFO - Progress: 39.4% | Files: 108/274 | Rate: 1.97 files/sec | Queue: 125
2026-02-23 09:44:26,099 - Knowledge - INFO - [LLM_CALL] Completed: header_file_parser.py:chunk1, Duration: 27307ms, PromptTokens: 22992, CompletionTokens: 1727, Cost: $0.00299
2026-02-23 09:44:26,195 - Knowledge - INFO - Fast-tracked /app/data/T0015/325511/b125717/entservices-apis-325511/docs/apis/DownloadManager.md (ext=.md, size=11439)
2026-02-23 09:44:26,286 - Knowledge - INFO - Batch sizing: calculated=5, max_allowed=10, queue=125, active_workers=20/20
2026-02-23 09:44:26,374 - Knowledge - INFO - process ingested knowledge for /app/data/T0015/325511/b125717/entservices-apis-325511/docs/apis_legacy/FrontPanelPlugin.md
2026-02-23 09:44:26,593 - Knowledge - INFO - Batch sizing: calculated=5, max_allowed=10, queue=125, active_workers=20/20
2026-02-23 09:44:26,674 - Knowledge - INFO - Fast-tracked /app/data/T0015/325511/b125717/entservices-apis-325511/docs/apis/FrameRate.md (ext=.md, size=11074)
2026-02-23 09:44:26,763 - Knowledge - INFO - Fast-tracked /app/data/T0015/325511/b125717/entservices-apis-325511/docs/apis/SystemAudioPlayerPlugin.md (ext=.md, size=20195)
2026-02-23 09:44:26,839 - Knowledge - INFO - Batch sizing: calculated=5, max_allowed=10, queue=125, active_workers=20/20
2026-02-23 09:44:26,913 - Knowledge - INFO - process ingested knowledge for /app/data/T0015/325511/b125717/entservices-apis-325511/tools/md_generator/json2md/generator_json.py
2026-02-23 09:44:27,124 - Knowledge - INFO - process ingested knowledge for /app/data/T0015/325511/b125717/entservices-apis-325511/docs/apis_legacy/UserPreferencesPlugin.md
2026-02-23 09:44:27,213 - Knowledge - INFO - Worker kw4 processing /app/data/T0015/325511/b125717/entservices-apis-325511/docs/apis/DisplayInfo.md
2026-02-23 09:44:27,314 - Knowledge - INFO - process ingested knowledge for /app/data/T0015/325511/b125717/entservices-apis-325511/docs/apis/FrontPanel.md
2026-02-23 09:44:27,387 - Knowledge - INFO - Worker kw9 processing /app/data/T0015/325511/b125717/entservices-apis-325511/docs/apis/HomeKitTVPlugin.md
2026-02-23 09:44:27,515 - Knowledge - INFO - Worker kw2 processing /app/data/T0015/325511/b125717/entservices-apis-325511/docs/apis/DTVPlugin.md
2026-02-23 09:44:27,655 - Knowledge - INFO - Fast-tracked /app/data/T0015/325511/b125717/entservices-apis-325511/docs/apis/LEDControl.md (ext=.md, size=5080)
2026-02-23 09:44:27,742 - Knowledge - INFO - [kw11] Queue=120, InProgress=0, PendingWorkers=20/20, Completed=108/274 (39.4%)
2026-02-23 09:44:27,826 - Knowledge - INFO - done ingest for /app/data/T0015/325511/b125717/entservices-apis-325511/tools/md_generator/h2md/header_file_parser.py
2026-02-23 09:44:27,826 - Knowledge - INFO - [kw14] Queue=120, InProgress=0, PendingWorkers=20/20, Completed=108/274 (39.4%)
2026-02-23 09:44:27,827 - Knowledge - INFO - Async storing batch of 6 embeddings
2026-02-23 09:44:27,827 - Knowledge - INFO - [kw16] Queue=120, InProgress=0, PendingWorkers=20/20, Completed=108/274 (39.4%)
2026-02-23 09:44:27,827 - Knowledge - INFO - [kw17] Queue=120, InProgress=0, PendingWorkers=20/20, Completed=108/274 (39.4%)
2026-02-23 09:44:27,911 - Knowledge - INFO - Worker kw3 processing /app/data/T0015/325511/b125717/entservices-apis-325511/docs/apis/XCast.md
2026-02-23 09:44:27,993 - Knowledge - INFO - Async storing batch of 6 embeddings
2026-02-23 09:44:28,159 - Knowledge - INFO - Async storing batch of 5 embeddings
2026-02-23 09:44:28,267 - Knowledge - INFO - Worker kw5 processing /app/data/T0015/325511/b125717/entservices-apis-325511/docs/apis/AVInput.md
2026-02-23 09:44:28,348 - Knowledge - INFO - Worker kw1 processing /app/data/T0015/325511/b125717/entservices-apis-325511/docs/apis/LifecycleManager.md
2026-02-23 09:44:28,510 - Knowledge - INFO - Async storing batch of 6 embeddings
2026-02-23 09:44:28,531 - Knowledge - INFO - [kw18] Queue=105, InProgress=0, PendingWorkers=20/20, Completed=108/274 (39.4%)
2026-02-23 09:44:28,649 - Knowledge - INFO - process ingested knowledge for /app/data/T0015/325511/b125717/entservices-apis-325511/docs/apis_legacy/MiracastPlayerPlugin.md
2026-02-23 09:44:28,723 - Knowledge - INFO - Fast-tracked /app/data/T0015/325511/b125717/entservices-apis-325511/docs/apis/DisplayInfo.md (ext=.md, size=20312)
2026-02-23 09:44:28,847 - Knowledge - INFO - process ingested knowledge for /app/data/T0015/325511/b125717/entservices-apis-325511/docs/apis/PlayerInfo.md
2026-02-23 09:44:28,948 - Knowledge - INFO - Fast-tracked /app/data/T0015/325511/b125717/entservices-apis-325511/docs/apis/HomeKitTVPlugin.md (ext=.md, size=11964)
2026-02-23 09:44:29,042 - Knowledge - INFO - Fast-tracked /app/data/T0015/325511/b125717/entservices-apis-325511/docs/apis/DTVPlugin.md (ext=.md, size=68303)
2026-02-23 09:44:29,133 - Knowledge - INFO - Worker kw6 processing /app/data/T0015/325511/b125717/entservices-apis-325511/docs/apis/MessageControl.md
2026-02-23 09:44:29,149 - Knowledge - INFO - [kw7] Queue=105, InProgress=0, PendingWorkers=20/20, Completed=108/274 (39.4%)
2026-02-23 09:44:29,221 - Knowledge - INFO - Batch sizing: calculated=5, max_allowed=10, queue=120, active_workers=20/20
2026-02-23 09:44:29,372 - Knowledge - INFO - Processing batch of 6 files
2026-02-23 09:44:29,414 - Knowledge - INFO - Batch sizing: calculated=5, max_allowed=10, queue=120, active_workers=20/20
2026-02-23 09:44:29,499 - Knowledge - INFO - Worker kw12 processing /app/data/T0015/325511/b125717/entservices-apis-325511/docs/apis/OpenCDMiPlugin.md
2026-02-23 09:44:29,605 - Knowledge - INFO - Batch sizing: calculated=5, max_allowed=10, queue=120, active_workers=20/20
2026-02-23 09:44:29,677 - Knowledge - INFO - Batch sizing: calculated=5, max_allowed=10, queue=120, active_workers=20/20
2026-02-23 09:44:29,766 - Knowledge - INFO - Fast-tracked /app/data/T0015/325511/b125717/entservices-apis-325511/docs/apis/XCast.md (ext=.md, size=24454)
2026-02-23 09:44:29,850 - Knowledge - INFO - Worker kw10 processing /app/data/T0015/325511/b125717/entservices-apis-325511/docs/apis/SystemPlugin.md
2026-02-23 09:44:29,930 - Knowledge - INFO - Worker kw15 processing /app/data/T0015/325511/b125717/entservices-apis-325511/docs/apis/DeviceInfo.md
2026-02-23 09:44:30,015 - Knowledge - INFO - Fast-tracked /app/data/T0015/325511/b125717/entservices-apis-325511/docs/apis/AVInput.md (ext=.md, size=32564)
2026-02-23 09:44:30,094 - Knowledge - INFO - Fast-tracked /app/data/T0015/325511/b125717/entservices-apis-325511/docs/apis/LifecycleManager.md (ext=.md, size=6149)
2026-02-23 09:44:30,201 - Knowledge - INFO - Worker kw13 processing /app/data/T0015/325511/b125717/entservices-apis-325511/docs/apis/PerformanceMetricsPlugin.md
2026-02-23 09:44:30,285 - Knowledge - INFO - Batch sizing: calculated=5, max_allowed=10, queue=105, active_workers=20/20
2026-02-23 09:44:30,379 - Knowledge - INFO - process ingested knowledge for /app/data/T0015/325511/b125717/entservices-apis-325511/docs/homepage.md
2026-02-23 09:44:30,490 - Knowledge - INFO - Worker kw4 processing /app/data/T0015/325511/b125717/entservices-apis-325511/docs/apis/HdmiCecSink.md
2026-02-23 09:44:30,596 - Knowledge - INFO - process ingested knowledge for /app/data/T0015/325511/b125717/entservices-apis-325511/docs/apis/PreinstallManager.md
2026-02-23 09:44:30,680 - Knowledge - INFO - Worker kw9 processing /app/data/T0015/325511/b125717/entservices-apis-325511/docs/apis/WebKitBrowser.md
2026-02-23 09:44:30,757 - Knowledge - INFO - Async storage completed for 6 embeddings
2026-02-23 09:44:30,840 - Knowledge - INFO - Fast-tracked /app/data/T0015/325511/b125717/entservices-apis-325511/docs/apis/MessageControl.md (ext=.md, size=4389)
2026-02-23 09:44:30,930 - Knowledge - INFO - Batch sizing: calculated=5, max_allowed=10, queue=105, active_workers=20/20
2026-02-23 09:44:31,031 - Knowledge - INFO - Async storing batch of 6 embeddings
2026-02-23 09:44:31,133 - Knowledge - INFO - process ingested knowledge for /app/data/T0015/325511/b125717/entservices-apis-325511/tools/md_generator/update_sidebar.py
2026-02-23 09:44:31,254 - Knowledge - INFO - Async storing batch of 6 embeddings
2026-02-23 09:44:31,340 - Knowledge - INFO - Fast-tracked /app/data/T0015/325511/b125717/entservices-apis-325511/docs/apis/OpenCDMiPlugin.md (ext=.md, size=3992)
2026-02-23 09:44:31,446 - Knowledge - INFO - Async storing batch of 5 embeddings
2026-02-23 09:44:31,536 - Knowledge - INFO - Async storing batch of 5 embeddings
2026-02-23 09:44:31,740 - Knowledge - INFO - Worker kw3 processing /app/data/T0015/325511/b125717/entservices-apis-325511/docs/apis/Warehouse.md
2026-02-23 09:44:31,883 - Knowledge - INFO - Fast-tracked /app/data/T0015/325511/b125717/entservices-apis-325511/docs/apis/SystemPlugin.md (ext=.md, size=58405)
2026-02-23 09:44:31,977 - Knowledge - INFO - Fast-tracked /app/data/T0015/325511/b125717/entservices-apis-325511/docs/apis/DeviceInfo.md (ext=.md, size=28812)
2026-02-23 09:44:32,066 - Knowledge - INFO - Worker kw5 processing /app/data/T0015/325511/b125717/entservices-apis-325511/docs/apis/TextToSpeechPlugin.md
2026-02-23 09:44:32,154 - Knowledge - INFO - Worker kw1 processing /app/data/T0015/325511/b125717/entservices-apis-325511/docs/apis/Telemetry.md
2026-02-23 09:44:32,235 - Knowledge - INFO - Fast-tracked /app/data/T0015/325511/b125717/entservices-apis-325511/docs/apis/PerformanceMetricsPlugin.md (ext=.md, size=1236)
2026-02-23 09:44:32,313 - Knowledge - INFO - Async storing batch of 5 embeddings
2026-02-23 09:44:32,514 - Knowledge - INFO - Fast-tracked /app/data/T0015/325511/b125717/entservices-apis-325511/docs/apis/HdmiCecSink.md (ext=.md, size=43992)
2026-02-23 09:44:32,716 - Knowledge - INFO - Fast-tracked /app/data/T0015/325511/b125717/entservices-apis-325511/docs/apis/WebKitBrowser.md (ext=.md, size=30331)
2026-02-23 09:44:32,897 - Knowledge - INFO - Worker kw6 processing /app/data/T0015/325511/b125717/entservices-apis-325511/docs/apis/DisplaySettingsPlugin.md
2026-02-23 09:44:32,944 - Knowledge - INFO - Processing batch of 5 files
2026-02-23 09:44:32,944 - Knowledge - INFO - [WEBSOCKET] Sent: Type=progress_update, Size: 293, Duration: 0ms
2026-02-23 09:44:33,109 - Knowledge - INFO - Worker kw11 processing /app/data/T0015/325511/b125717/entservices-apis-325511/docs/apis/HdcpProfile.md
2026-02-23 09:44:33,199 - Knowledge - INFO - process ingested knowledge for /app/data/T0015/325511/b125717/entservices-apis-325511/tools/md_generator/generate_md_incremental.py
2026-02-23 09:44:33,271 - Knowledge - INFO - Worker kw14 processing /app/data/T0015/325511/b125717/entservices-apis-325511/docs/overview/arch.md
2026-02-23 09:44:33,372 - Knowledge - INFO - Worker kw12 processing /app/data/T0015/325511/b125717/entservices-apis-325511/docs/apis/OCIContainer.md
2026-02-23 09:44:33,485 - Knowledge - INFO - Worker kw16 processing /app/data/T0015/325511/b125717/entservices-apis-325511/apis/TextToSpeech/ITextToSpeech.h
2026-02-23 09:44:33,590 - Knowledge - INFO - Worker kw17 processing /app/data/T0015/325511/b125717/entservices-apis-325511/apis/Monitor/Monitor.json
2026-02-23 09:44:33,668 - Knowledge - INFO - Fast-tracked /app/data/T0015/325511/b125717/entservices-apis-325511/docs/apis/Warehouse.md (ext=.md, size=8874)
2026-02-23 09:44:33,742 - Knowledge - INFO - Worker kw10 processing /app/data/T0015/325511/b125717/entservices-apis-325511/docs/apis/NativeJS.md
2026-02-23 09:44:33,807 - Knowledge - INFO - Worker kw15 processing /app/data/T0015/325511/b125717/entservices-apis-325511/docs/apis/RemoteControlPlugin.md
2026-02-23 09:44:33,904 - Knowledge - INFO - Fast-tracked /app/data/T0015/325511/b125717/entservices-apis-325511/docs/apis/TextToSpeechPlugin.md (ext=.md, size=25304)
2026-02-23 09:44:33,990 - Knowledge - INFO - Fast-tracked /app/data/T0015/325511/b125717/entservices-apis-325511/docs/apis/Telemetry.md (ext=.md, size=7967)
2026-02-23 09:44:34,073 - Knowledge - INFO - Worker kw13 processing /app/data/T0015/325511/b125717/entservices-apis-325511/docs/apis/PowerManager.md
2026-02-23 09:44:34,153 - Knowledge - INFO - Worker kw18 processing /app/data/T0015/325511/b125717/entservices-apis-325511/apis/NativeJS/INativeJS.h
2026-02-23 09:44:34,250 - Knowledge - INFO - Worker kw4 processing /app/data/T0015/325511/b125717/entservices-apis-325511/docs/apis/LinearPlaybackControlPlugin.md
2026-02-23 09:44:34,325 - Knowledge - INFO - Worker kw9 processing /app/data/T0015/325511/b125717/entservices-apis-325511/docs/apis/SystemMode.md
2026-02-23 09:44:34,409 - Knowledge - INFO - Fast-tracked /app/data/T0015/325511/b125717/entservices-apis-325511/docs/apis/DisplaySettingsPlugin.md (ext=.md, size=112575)
2026-02-23 09:44:34,504 - Knowledge - INFO - process ingested knowledge for /app/data/T0015/325511/b125717/entservices-apis-325511/docs/apis/BluetoothPlugin.md
2026-02-23 09:44:34,616 - Knowledge - INFO - [WEBSOCKET] Sent: Type=unknown, Size: ?, Duration: 1672ms
2026-02-23 09:44:34,616 - Knowledge - INFO - Async storing batch of 6 embeddings
2026-02-23 09:44:34,733 - Knowledge - INFO - Fast-tracked /app/data/T0015/325511/b125717/entservices-apis-325511/docs/apis/HdcpProfile.md (ext=.md, size=6543)
2026-02-23 09:44:34,820 - Knowledge - INFO - process ingested knowledge for /app/data/T0015/325511/b125717/entservices-apis-325511/tools/md_generator/h2md/markdown_templates.py
2026-02-23 09:44:34,920 - Knowledge - INFO - Fast-tracked /app/data/T0015/325511/b125717/entservices-apis-325511/docs/overview/arch.md (ext=.md, size=62)
2026-02-23 09:44:35,021 - Knowledge - INFO - Fast-tracked /app/data/T0015/325511/b125717/entservices-apis-325511/docs/apis/OCIContainer.md (ext=.md, size=23750)
2026-02-23 09:44:35,138 - Knowledge - INFO - Worker kw16 processing /app/data/T0015/325511/b125717/entservices-apis-325511/apis/HdcpProfile/IHdcpProfile.h
2026-02-23 09:44:35,215 - Knowledge - INFO - Fast-tracked /app/data/T0015/325511/b125717/entservices-apis-325511/apis/Monitor/Monitor.json (ext=.json, size=5729)
2026-02-23 09:44:35,333 - Knowledge - INFO - Async storage completed for 6 embeddings
2026-02-23 09:44:35,431 - Knowledge - INFO - Fast-tracked /app/data/T0015/325511/b125717/entservices-apis-325511/docs/apis/NativeJS.md (ext=.md, size=6418)
2026-02-23 09:44:35,554 - Knowledge - INFO - Fast-tracked /app/data/T0015/325511/b125717/entservices-apis-325511/docs/apis/RemoteControlPlugin.md (ext=.md, size=39441)
2026-02-23 09:44:35,651 - Knowledge - INFO - Async storage completed for 6 embeddings
2026-02-23 09:44:35,736 - Knowledge - INFO - Async storage completed for 6 embeddings
2026-02-23 09:44:35,832 - Knowledge - INFO - Fast-tracked /app/data/T0015/325511/b125717/entservices-apis-325511/docs/apis/PowerManager.md (ext=.md, size=29157)
2026-02-23 09:44:35,929 - Knowledge - INFO - Worker kw18 processing /app/data/T0015/325511/b125717/entservices-apis-325511/apis/RDKWindowManager/IRDKWindowManager.h
2026-02-23 09:44:36,025 - Knowledge - INFO - Fast-tracked /app/data/T0015/325511/b125717/entservices-apis-325511/docs/apis/LinearPlaybackControlPlugin.md (ext=.md, size=9935)
2026-02-23 09:44:36,093 - Knowledge - INFO - Fast-tracked /app/data/T0015/325511/b125717/entservices-apis-325511/docs/apis/SystemMode.md (ext=.md, size=6060)
2026-02-23 09:44:36,211 - Knowledge - INFO - Worker kw6 processing /app/data/T0015/325511/b125717/entservices-apis-325511/docs/apis/VoiceControlPlugin.md
2026-02-23 09:44:36,328 - Knowledge - INFO - process ingested knowledge for /app/data/T0015/325511/b125717/entservices-apis-325511/docs/apis/MiracastService.md
2026-02-23 09:44:36,444 - Knowledge - INFO - Progress: 43.4% | Files: 119/274 | Rate: 1.83 files/sec | Queue: 75
2026-02-23 09:44:36,446 - Knowledge - INFO - [kw20] Queue=75, InProgress=0, PendingWorkers=20/20, Completed=119/274 (43.4%)
2026-02-23 09:44:36,521 - Knowledge - INFO - Worker kw7 processing /app/data/T0015/325511/b125717/entservices-apis-325511/apis/SharedStorage/ISharedStorage.h
2026-02-23 09:44:36,630 - Knowledge - INFO - Worker kw11 processing /app/data/T0015/325511/b125717/entservices-apis-325511/docs/README.md
2026-02-23 09:44:36,748 - Knowledge - INFO - process ingested knowledge for /app/data/T0015/325511/b125717/entservices-apis-325511/tools/md_generator/h2md/generate_md_from_header.py
2026-02-23 09:44:36,842 - Knowledge - INFO - Worker kw14 processing /app/data/T0015/325511/b125717/entservices-apis-325511/docs/overview/intro.md
2026-02-23 09:44:36,914 - Knowledge - INFO - Worker kw12 processing /app/data/T0015/325511/b125717/entservices-apis-325511/docs/apis/HdmiCecSource.md
2026-02-23 09:44:37,007 - Knowledge - INFO - Worker kw16 processing /app/data/T0015/325511/b125717/entservices-apis-325511/apis/PowerManager/IPowerManager.h
2026-02-23 09:44:37,118 - Knowledge - INFO - Worker kw17 processing /app/data/T0015/325511/b125717/entservices-apis-325511/apis/DeviceDiagnostics/IDeviceDiagnostics.h
2026-02-23 09:44:37,237 - Knowledge - INFO - Processing batch of 5 files
2026-02-23 09:44:37,322 - Knowledge - INFO - Worker kw10 processing /app/data/T0015/325511/b125717/entservices-apis-325511/docs/apis/ScreenCapture.md
2026-02-23 09:44:37,391 - Knowledge - INFO - Worker kw15 processing /app/data/T0015/325511/b125717/entservices-apis-325511/docs/apis/RDKShellPlugin.md
2026-02-23 09:44:37,479 - Knowledge - INFO - Processing batch of 5 files
2026-02-23 09:44:37,572 - Knowledge - INFO - Processing batch of 5 files
2026-02-23 09:44:37,657 - Knowledge - INFO - Worker kw13 processing /app/data/T0015/325511/b125717/entservices-apis-325511/docs/apis/FirmwareUpdate.md
2026-02-23 09:44:37,734 - Knowledge - INFO - Worker kw18 processing /app/data/T0015/325511/b125717/entservices-apis-325511/apis/Module.h
2026-02-23 09:44:37,827 - Knowledge - INFO - Worker kw4 processing /app/data/T0015/325511/b125717/entservices-apis-325511/docs/apis/TextTrack.md
2026-02-23 09:44:37,936 - Knowledge - INFO - Worker kw9 processing /app/data/T0015/325511/b125717/entservices-apis-325511/docs/apis/Migration.md
2026-02-23 09:44:38,062 - Knowledge - INFO - Fast-tracked /app/data/T0015/325511/b125717/entservices-apis-325511/docs/apis/VoiceControlPlugin.md (ext=.md, size=26377)
2026-02-23 09:44:38,189 - Knowledge - INFO - process ingested knowledge for /app/data/T0015/325511/b125717/entservices-apis-325511/docs/apis/MaintenanceManagerPlugin.md
2026-02-23 09:44:38,273 - Knowledge - INFO - [kw19] Queue=75, InProgress=0, PendingWorkers=20/20, Completed=134/274 (48.9%)
2026-02-23 09:44:38,366 - Knowledge - INFO - Batch sizing: calculated=4, max_allowed=10, queue=75, active_workers=20/20
2026-02-23 09:44:38,505 - Knowledge - INFO - Worker kw7 processing /app/data/T0015/325511/b125717/entservices-apis-325511/apis/TelemetryMetrics/ITelemetryMetrics.h
2026-02-23 09:44:38,600 - Knowledge - INFO - Fast-tracked /app/data/T0015/325511/b125717/entservices-apis-325511/docs/README.md (ext=.md, size=627)
2026-02-23 09:44:38,677 - Knowledge - INFO - process ingested knowledge for /app/data/T0015/325511/b125717/entservices-apis-325511/tools/md_generator/h2md/README.md
2026-02-23 09:44:38,778 - Knowledge - INFO - Fast-tracked /app/data/T0015/325511/b125717/entservices-apis-325511/docs/overview/intro.md (ext=.md, size=975)
2026-02-23 09:44:38,877 - Knowledge - INFO - Fast-tracked /app/data/T0015/325511/b125717/entservices-apis-325511/docs/apis/HdmiCecSource.md (ext=.md, size=19411)
2026-02-23 09:44:38,976 - Knowledge - INFO - Worker kw16 processing /app/data/T0015/325511/b125717/entservices-apis-325511/apis/GoogleCast/IGoogleCast.h
2026-02-23 09:44:39,076 - Knowledge - INFO - Worker kw17 processing /app/data/T0015/325511/b125717/entservices-apis-325511/apis/Analytics/IAnalytics.h
2026-02-23 09:44:39,156 - Knowledge - INFO - process ingested knowledge for /app/data/T0015/325511/b125717/entservices-apis-325511/docs/apis/ResourceManager.md
2026-02-23 09:44:39,267 - Knowledge - INFO - Fast-tracked /app/data/T0015/325511/b125717/entservices-apis-325511/docs/apis/ScreenCapture.md (ext=.md, size=5361)
2026-02-23 09:44:39,388 - Knowledge - INFO - Fast-tracked /app/data/T0015/325511/b125717/entservices-apis-325511/docs/apis/RDKShellPlugin.md (ext=.md, size=95488)
2026-02-23 09:44:39,467 - Knowledge - INFO - process ingested knowledge for /app/data/T0015/325511/b125717/entservices-apis-325511/docs/apis/PackageManager.md
2026-02-23 09:44:39,583 - Knowledge - INFO - process ingested knowledge for /app/data/T0015/325511/b125717/entservices-apis-325511/docs/apis/USBMassStorage.md
2026-02-23 09:44:39,708 - Knowledge - INFO - Fast-tracked /app/data/T0015/325511/b125717/entservices-apis-325511/docs/apis/FirmwareUpdate.md (ext=.md, size=6958)
2026-02-23 09:44:39,794 - Knowledge - INFO - Fast-tracked /app/data/T0015/325511/b125717/entservices-apis-325511/apis/Module.h (ext=.h, size=1341)
2026-02-23 09:44:39,867 - Knowledge - INFO - Fast-tracked /app/data/T0015/325511/b125717/entservices-apis-325511/docs/apis/TextTrack.md (ext=.md, size=53044)
2026-02-23 09:44:39,966 - Knowledge - INFO - Fast-tracked /app/data/T0015/325511/b125717/entservices-apis-325511/docs/apis/Migration.md (ext=.md, size=4244)
2026-02-23 09:44:40,070 - Knowledge - INFO - Worker kw6 processing /app/data/T0015/325511/b125717/entservices-apis-325511/docs/apis/PersistentStore.md
2026-02-23 09:44:40,186 - Knowledge - INFO - process ingested knowledge for /app/data/T0015/325511/b125717/entservices-apis-325511/docs/apis/PackagerPlugin.md
2026-02-23 09:44:40,267 - Knowledge - INFO - Batch sizing: calculated=4, max_allowed=10, queue=75, active_workers=20/20
2026-02-23 09:44:40,361 - Knowledge - INFO - Async storing batch of 5 embeddings
2026-02-23 09:44:40,488 - Knowledge - INFO - Fast-tracked /app/data/T0015/325511/b125717/entservices-apis-325511/apis/TelemetryMetrics/ITelemetryMetrics.h (ext=.h, size=1794)
2026-02-23 09:44:40,592 - Knowledge - INFO - Worker kw11 processing /app/data/T0015/325511/b125717/entservices-apis-325511/docs/index.html
2026-02-23 09:44:40,674 - Knowledge - INFO - process ingested knowledge for /app/data/T0015/325511/b125717/entservices-apis-325511/tools/md_generator/h2md/header_file_parser.py
2026-02-23 09:44:40,775 - Knowledge - INFO - Worker kw14 processing /app/data/T0015/325511/b125717/entservices-apis-325511/apis/FirmwareUpdate/IFirmwareUpdate.h
2026-02-23 09:44:40,878 - Knowledge - INFO - Worker kw12 processing /app/data/T0015/325511/b125717/entservices-apis-325511/docs/apis/RDKWindowManager.md
2026-02-23 09:44:40,965 - Knowledge - INFO - Worker kw16 processing /app/data/T0015/325511/b125717/entservices-apis-325511/apis/entservices_errorcodes.h
2026-02-23 09:44:41,046 - Knowledge - INFO - Worker kw17 processing /app/data/T0015/325511/b125717/entservices-apis-325511/apis/SystemAudioPlayer/ISystemAudioPlayer.h
2026-02-23 09:44:41,125 - Knowledge - INFO - process ingested knowledge for /app/data/T0015/325511/b125717/entservices-apis-325511/docs/apis/AmazonPrime.md
2026-02-23 09:44:41,207 - Knowledge - INFO - Worker kw10 processing /app/data/T0015/325511/b125717/entservices-apis-325511/docs/apis/AppManager.md
2026-02-23 09:44:41,313 - Knowledge - INFO - Worker kw15 processing /app/data/T0015/325511/b125717/entservices-apis-325511/docs/apis/Analytics.md
2026-02-23 09:44:41,414 - Knowledge - INFO - process ingested knowledge for /app/data/T0015/325511/b125717/entservices-apis-325511/docs/apis/MonitorPlugin.md
2026-02-23 09:44:41,524 - Knowledge - INFO - process ingested knowledge for /app/data/T0015/325511/b125717/entservices-apis-325511/docs/apis/AppGateway.md
2026-02-23 09:44:41,607 - Knowledge - INFO - Worker kw13 processing /app/data/T0015/325511/b125717/entservices-apis-325511/docs/apis/StorageManager.md
2026-02-23 09:44:41,711 - Knowledge - INFO - Worker kw18 processing /app/data/T0015/325511/b125717/entservices-apis-325511/apis/DeviceInfo/IDeviceInfo.h
2026-02-23 09:44:41,809 - Knowledge - INFO - Async storage completed for 6 embeddings
2026-02-23 09:44:41,882 - Knowledge - INFO - Async storage completed for 6 embeddings
2026-02-23 09:44:41,961 - Knowledge - INFO - Fast-tracked /app/data/T0015/325511/b125717/entservices-apis-325511/docs/apis/PersistentStore.md (ext=.md, size=6738)
2026-02-23 09:44:42,045 - Knowledge - INFO - process ingested knowledge for /app/data/T0015/325511/b125717/entservices-apis-325511/docs/apis/DTVPlugin.md
2026-02-23 09:44:42,177 - Knowledge - INFO - Async storing batch of 5 embeddings
2026-02-23 09:44:42,262 - Knowledge - INFO - Worker kw20 processing /app/data/T0015/325511/b125717/entservices-apis-325511/apis/HdmiCecSink/IHdmiCecSink.h
2026-02-23 09:44:42,355 - Knowledge - INFO - Worker kw7 processing /app/data/T0015/325511/b125717/entservices-apis-325511/apis/DisplayInfo/DisplayInfo.json
2026-02-23 09:44:42,459 - Knowledge - INFO - Worker kw11 processing /app/data/T0015/325511/b125717/entservices-apis-325511/docs/overview/_sidebar.md
2026-02-23 09:44:42,671 - Knowledge - INFO - Worker kw14 processing /app/data/T0015/325511/b125717/entservices-apis-325511/apis/UserSettings/IUserSettings.h
2026-02-23 09:44:42,757 - Knowledge - INFO - Fast-tracked /app/data/T0015/325511/b125717/entservices-apis-325511/docs/apis/RDKWindowManager.md (ext=.md, size=34414)
2026-02-23 09:44:42,845 - Knowledge - INFO - Fast-tracked /app/data/T0015/325511/b125717/entservices-apis-325511/apis/entservices_errorcodes.h (ext=.h, size=1663)
2026-02-23 09:44:42,929 - Knowledge - INFO - Worker kw17 processing /app/data/T0015/325511/b125717/entservices-apis-325511/apis/ScreenCapture/IScreenCapture.h
2026-02-23 09:44:43,017 - Knowledge - INFO - process ingested knowledge for /app/data/T0015/325511/b125717/entservices-apis-325511/docs/apis/DownloadManager.md
2026-02-23 09:44:43,102 - Knowledge - INFO - Fast-tracked /app/data/T0015/325511/b125717/entservices-apis-325511/docs/apis/AppManager.md (ext=.md, size=26488)
2026-02-23 09:44:43,190 - Knowledge - INFO - Fast-tracked /app/data/T0015/325511/b125717/entservices-apis-325511/docs/apis/Analytics.md (ext=.md, size=3469)
2026-02-23 09:44:43,239 - Knowledge - INFO - [WEBSOCKET] Sent: Type=progress_update, Size: 291, Duration: 0ms
2026-02-23 09:44:43,312 - Knowledge - INFO - process ingested knowledge for /app/data/T0015/325511/b125717/entservices-apis-325511/docs/apis/FrameRate.md
2026-02-23 09:44:43,401 - Knowledge - INFO - process ingested knowledge for /app/data/T0015/325511/b125717/entservices-apis-325511/docs/apis/SystemAudioPlayerPlugin.md
2026-02-23 09:44:43,535 - Knowledge - INFO - Fast-tracked /app/data/T0015/325511/b125717/entservices-apis-325511/docs/apis/StorageManager.md (ext=.md, size=3705)
2026-02-23 09:44:43,627 - Knowledge - INFO - Worker kw18 processing /app/data/T0015/325511/b125717/entservices-apis-325511/apis/AppManager/IAppManager.h
2026-02-23 09:44:43,892 - Knowledge - INFO - Async storage completed for 6 embeddings
2026-02-23 09:44:44,084 - Knowledge - INFO - Worker kw19 processing /app/data/T0015/325511/b125717/entservices-apis-325511/apis/WebKitBrowser/Browser.json
2026-02-23 09:44:44,185 - Knowledge - INFO - Worker kw20 processing /app/data/T0015/325511/b125717/entservices-apis-325511/apis/StateControl/StateControl.json
2026-02-23 09:44:44,272 - Knowledge - INFO - Fast-tracked /app/data/T0015/325511/b125717/entservices-apis-325511/apis/DisplayInfo/DisplayInfo.json (ext=.json, size=2352)
2026-02-23 09:44:44,349 - Knowledge - INFO - Fast-tracked /app/data/T0015/325511/b125717/entservices-apis-325511/docs/overview/_sidebar.md (ext=.md, size=309)
2026-02-23 09:44:44,440 - Knowledge - INFO - Worker kw14 processing /app/data/T0015/325511/b125717/entservices-apis-325511/apis/StorageManager/IStorageManager.h
2026-02-23 09:44:44,526 - Knowledge - INFO - Worker kw12 processing /app/data/T0015/325511/b125717/entservices-apis-325511/docs/apis/MotionDetectionPlugin.md
2026-02-23 09:44:44,617 - Knowledge - INFO - Async storage completed for 5 embeddings
2026-02-23 09:44:44,737 - Knowledge - INFO - Async storage completed for 5 embeddings
2026-02-23 09:44:44,861 - Knowledge - INFO - process ingested knowledge for /app/data/T0015/325511/b125717/entservices-apis-325511/docs/apis/XCast.md
2026-02-23 09:44:44,945 - Knowledge - INFO - Worker kw10 processing /app/data/T0015/325511/b125717/entservices-apis-325511/docs/apis/SharedStorage.md
2026-02-23 09:44:45,022 - Knowledge - INFO - Worker kw15 processing /app/data/T0015/325511/b125717/entservices-apis-325511/docs/apis/DeviceDiagnostics.md
2026-02-23 09:44:45,108 - Knowledge - INFO - Processing batch of 5 files
2026-02-23 09:44:45,108 - Knowledge - INFO - Processing batch of 5 files
2026-02-23 09:44:45,109 - Knowledge - INFO - [kw2] Queue=67, InProgress=0, PendingWorkers=20/20, Completed=144/274 (52.6%)
2026-02-23 09:44:45,109 - Knowledge - INFO - [WEBSOCKET] Sent: Type=unknown, Size: ?, Duration: 1870ms
2026-02-23 09:44:45,219 - Knowledge - INFO - process ingested knowledge for /app/data/T0015/325511/b125717/entservices-apis-325511/docs/apis/AVInput.md
2026-02-23 09:44:45,313 - Knowledge - INFO - process ingested knowledge for /app/data/T0015/325511/b125717/entservices-apis-325511/docs/apis/LifecycleManager.md
2026-02-23 09:44:45,438 - Knowledge - INFO - Worker kw13 processing /app/data/T0015/325511/b125717/entservices-apis-325511/docs/apis/UserSettings.md
2026-02-23 09:44:45,519 - Knowledge - INFO - Async storage completed for 5 embeddings
2026-02-23 09:44:45,702 - Knowledge - INFO - Fast-tracked /app/data/T0015/325511/b125717/entservices-apis-325511/apis/WebKitBrowser/Browser.json (ext=.json, size=3094)
2026-02-23 09:44:45,831 - Knowledge - INFO - Fast-tracked /app/data/T0015/325511/b125717/entservices-apis-325511/apis/StateControl/StateControl.json (ext=.json, size=948)
2026-02-23 09:44:45,914 - Knowledge - INFO - Worker kw7 processing /app/data/T0015/325511/b125717/entservices-apis-325511/apis/DisplayInfo/IDisplayInfo.h
2026-02-23 09:44:46,032 - Knowledge - INFO - Worker kw11 processing /app/data/T0015/325511/b125717/entservices-apis-325511/docs/overview/aat.md
2026-02-23 09:44:46,153 - Knowledge - INFO - Async storage completed for 6 embeddings
2026-02-23 09:44:46,254 - Knowledge - INFO - Fast-tracked /app/data/T0015/325511/b125717/entservices-apis-325511/docs/apis/MotionDetectionPlugin.md (ext=.md, size=19642)
2026-02-23 09:44:46,579 - Knowledge - INFO - process ingested knowledge for /app/data/T0015/325511/b125717/entservices-apis-325511/docs/apis/Warehouse.md
2026-02-23 09:44:46,670 - Knowledge - INFO - Fast-tracked /app/data/T0015/325511/b125717/entservices-apis-325511/docs/apis/SharedStorage.md (ext=.md, size=14487)
2026-02-23 09:44:46,755 - Knowledge - INFO - Fast-tracked /app/data/T0015/325511/b125717/entservices-apis-325511/docs/apis/DeviceDiagnostics.md (ext=.md, size=7028)
2026-02-23 09:44:46,834 - Knowledge - INFO - process ingested knowledge for /app/data/T0015/325511/b125717/entservices-apis-325511/docs/apis/ResourceManagerPlugin.md
2026-02-23 09:44:46,907 - Knowledge - INFO - process ingested knowledge for /app/data/T0015/325511/b125717/entservices-apis-325511/docs/apis/USBDevice.md
2026-02-23 09:44:46,997 - Knowledge - INFO - Batch sizing: calculated=4, max_allowed=10, queue=67, active_workers=20/20
2026-02-23 09:44:47,103 - Knowledge - INFO - Progress: 48.9% | Files: 149/274 | Rate: 1.98 files/sec | Queue: 67
2026-02-23 09:44:47,103 - Knowledge - INFO - Processing batch of 5 files
2026-02-23 09:44:47,210 - Knowledge - INFO - process ingested knowledge for /app/data/T0015/325511/b125717/entservices-apis-325511/docs/apis/TextToSpeechPlugin.md
2026-02-23 09:44:47,309 - Knowledge - INFO - process ingested knowledge for /app/data/T0015/325511/b125717/entservices-apis-325511/docs/apis/Telemetry.md
2026-02-23 09:44:47,395 - Knowledge - INFO - Fast-tracked /app/data/T0015/325511/b125717/entservices-apis-325511/docs/apis/UserSettings.md (ext=.md, size=55941)
2026-02-23 09:44:47,490 - Knowledge - INFO - Fast-tracked /app/data/T0015/325511/b125717/entservices-apis-325511/apis/NativeJS/INativeJS.h (small file (2629 bytes))
2026-02-23 09:44:47,573 - Knowledge - INFO - Worker kw19 processing /app/data/T0015/325511/b125717/entservices-apis-325511/apis/WebKitBrowser/WebKitBrowser.json
2026-02-23 09:44:47,655 - Knowledge - INFO - Worker kw20 processing /app/data/T0015/325511/b125717/entservices-apis-325511/apis/DeviceIdentification/DeviceIdentification.json
2026-02-23 09:44:47,749 - Knowledge - INFO - Worker kw7 processing /app/data/T0015/325511/b125717/entservices-apis-325511/apis/DisplayInfo/IConfiguration.h
2026-02-23 09:44:47,836 - Knowledge - INFO - Fast-tracked /app/data/T0015/325511/b125717/entservices-apis-325511/docs/overview/aat.md (ext=.md, size=1734)
2026-02-23 09:44:48,008 - Knowledge - INFO - Async storage completed for 6 embeddings
2026-02-23 09:44:48,175 - Knowledge - INFO - Async storage completed for 6 embeddings
2026-02-23 09:44:48,264 - Knowledge - INFO - Async storage completed for 5 embeddings
2026-02-23 09:44:48,428 - Knowledge - INFO - process ingested knowledge for /app/data/T0015/325511/b125717/entservices-apis-325511/docs/apis/DisplayInfo.md
2026-02-23 09:44:48,433 - Knowledge - INFO - process ingested knowledge for /app/data/T0015/325511/b125717/entservices-apis-325511/docs/apis/HomeKitTVPlugin.md
2026-02-23 09:44:48,550 - Knowledge - INFO - Async storing batch of 5 embeddings
2026-02-23 09:44:48,647 - Knowledge - INFO - [kw8] Queue=63, InProgress=0, PendingWorkers=20/20, Completed=149/274 (54.4%)
2026-02-23 09:44:48,705 - Knowledge - INFO - [WEBSOCKET] Sent: Type=progress_update, Size: 292, Duration: 0ms
2026-02-23 09:44:48,735 - Knowledge - INFO - process ingested knowledge for /app/data/T0015/325511/b125717/entservices-apis-325511/docs/apis/LEDControl.md
2026-02-23 09:44:49,003 - Knowledge - INFO - Async storage completed for 6 embeddings
2026-02-23 09:44:49,116 - Knowledge - INFO - Fast-tracked /app/data/T0015/325511/b125717/entservices-apis-325511/apis/Analytics/IAnalytics.h (small file (2416 bytes))
2026-02-23 09:44:49,175 - Knowledge - INFO - Fast-tracked /app/data/T0015/325511/b125717/entservices-apis-325511/apis/WebKitBrowser/WebKitBrowser.json (ext=.json, size=2644)
2026-02-23 09:44:49,255 - Knowledge - INFO - Fast-tracked /app/data/T0015/325511/b125717/entservices-apis-325511/apis/DeviceIdentification/DeviceIdentification.json (ext=.json, size=1015)
2026-02-23 09:44:49,348 - Knowledge - INFO - Fast-tracked /app/data/T0015/325511/b125717/entservices-apis-325511/apis/DisplayInfo/IConfiguration.h (ext=.h, size=995)
2026-02-23 09:44:49,426 - Knowledge - INFO - Async storage completed for 6 embeddings
2026-02-23 09:44:49,862 - Knowledge - INFO - process ingested knowledge for /app/data/T0015/325511/b125717/entservices-apis-325511/docs/apis/HdmiCecSink.md
2026-02-23 09:44:49,983 - Knowledge - INFO - process ingested knowledge for /app/data/T0015/325511/b125717/entservices-apis-325511/docs/apis/WebKitBrowser.md
2026-02-23 09:44:50,058 - Knowledge - INFO - Worker kw2 processing /app/data/T0015/325511/b125717/entservices-apis-325511/apis/WebKitBrowser/CookieJar.json
2026-02-23 09:44:50,148 - Knowledge - INFO - Batch sizing: calculated=4, max_allowed=10, queue=63, active_workers=20/20
2026-02-23 09:44:50,237 - Knowledge - INFO - [kw5] Queue=63, InProgress=0, PendingWorkers=20/20, Completed=164/274 (59.9%)
2026-02-23 09:44:50,237 - Knowledge - INFO - Processing batch of 5 files
2026-02-23 09:44:50,237 - Knowledge - INFO - Processing batch of 5 files
2026-02-23 09:44:50,238 - Knowledge - INFO - [WEBSOCKET] Sent: Type=unknown, Size: ?, Duration: 1533ms
2026-02-23 09:44:50,348 - Knowledge - INFO - process ingested knowledge for /app/data/T0015/325511/b125717/entservices-apis-325511/docs/apis/MessageControl.md
2026-02-23 09:44:50,630 - Knowledge - INFO - Worker kw19 processing /app/data/T0015/325511/b125717/entservices-apis-325511/apis/WebKitBrowser/IApplication.h
2026-02-23 09:44:50,720 - Knowledge - INFO - Worker kw20 processing /app/data/T0015/325511/b125717/entservices-apis-325511/apis/WebKitBrowser/IMemory.h
2026-02-23 09:44:50,898 - Knowledge - INFO - Fast-tracked /app/data/T0015/325511/b125717/entservices-apis-325511/docs/index.html (small file (2493 bytes))
2026-02-23 09:44:50,997 - Knowledge - INFO - process ingested knowledge for /app/data/T0015/325511/b125717/entservices-apis-325511/docs/apis/LinearPlaybackControlPlugin.md
2026-02-23 09:44:51,090 - Knowledge - INFO - process ingested knowledge for /app/data/T0015/325511/b125717/entservices-apis-325511/docs/apis/SystemMode.md
2026-02-23 09:44:51,191 - Knowledge - INFO - Fast-tracked /app/data/T0015/325511/b125717/entservices-apis-325511/apis/WebKitBrowser/CookieJar.json (ext=.json, size=915)
2026-02-23 09:44:51,376 - Knowledge - INFO - Batch sizing: calculated=4, max_allowed=10, queue=63, active_workers=20/20
2026-02-23 09:44:51,468 - Knowledge - INFO - process ingested knowledge for /app/data/T0015/325511/b125717/entservices-apis-325511/docs/apis/OpenCDMiPlugin.md
2026-02-23 09:44:51,551 - Knowledge - INFO - process ingested knowledge for /app/data/T0015/325511/b125717/entservices-apis-325511/docs/apis/SystemPlugin.md
2026-02-23 09:44:51,635 - Knowledge - INFO - Progress: 54.4% | Files: 169/274 | Rate: 2.09 files/sec | Queue: 59
2026-02-23 09:44:51,636 - Knowledge - INFO - Processing batch of 5 files
2026-02-23 09:44:51,636 - Knowledge - INFO - [kw1] Queue=59, InProgress=0, PendingWorkers=20/20, Completed=169/274 (61.7%)
2026-02-23 09:44:51,636 - Knowledge - INFO - Processing batch of 5 files
2026-02-23 09:44:51,639 - Knowledge - INFO - Async storing batch of 6 embeddings
2026-02-23 09:44:51,751 - Knowledge - INFO - process ingested knowledge for /app/data/T0015/325511/b125717/entservices-apis-325511/docs/apis/DisplaySettingsPlugin.md
2026-02-23 09:44:51,830 - Knowledge - INFO - Worker kw19 processing /app/data/T0015/325511/b125717/entservices-apis-325511/apis/WebKitBrowser/IBrowser.h
2026-02-23 09:44:51,950 - Knowledge - INFO - Async storage completed for 5 embeddings
2026-02-23 09:44:52,076 - Knowledge - INFO - Processing batch of 5 files
2026-02-23 09:44:52,157 - Knowledge - INFO - process ingested knowledge for /app/data/T0015/325511/b125717/entservices-apis-325511/docs/apis/TextTrack.md
2026-02-23 09:44:52,234 - Knowledge - INFO - process ingested knowledge for /app/data/T0015/325511/b125717/entservices-apis-325511/docs/apis/Migration.md
2026-02-23 09:44:52,354 - Knowledge - INFO - Worker kw2 processing /app/data/T0015/325511/b125717/entservices-apis-325511/apis/Migration/IMigration.h
2026-02-23 09:44:52,433 - Knowledge - INFO - Async storing batch of 5 embeddings
2026-02-23 09:44:52,539 - Knowledge - INFO - process ingested knowledge for /app/data/T0015/325511/b125717/entservices-apis-325511/docs/apis/OCIContainer.md
2026-02-23 09:44:52,652 - Knowledge - INFO - process ingested knowledge for /app/data/T0015/325511/b125717/entservices-apis-325511/docs/apis/NativeJS.md
2026-02-23 09:44:52,762 - Knowledge - INFO - [kw3] Queue=55, InProgress=0, PendingWorkers=20/20, Completed=174/274 (63.5%)
2026-02-23 09:44:52,862 - Knowledge - INFO - process ingested knowledge for /app/data/T0015/325511/b125717/entservices-apis-325511/docs/apis/DeviceInfo.md
2026-02-23 09:44:52,955 - Knowledge - INFO - Batch sizing: calculated=4, max_allowed=10, queue=59, active_workers=20/20
2026-02-23 09:44:53,039 - Knowledge - INFO - process ingested knowledge for /app/data/T0015/325511/b125717/entservices-apis-325511/docs/apis/PerformanceMetricsPlugin.md
2026-02-23 09:44:53,126 - Knowledge - INFO - Worker kw8 processing /app/data/T0015/325511/b125717/entservices-apis-325511/apis/Netflix/Netflix.json
2026-02-23 09:44:53,214 - Knowledge - INFO - process ingested knowledge for /app/data/T0015/325511/b125717/entservices-apis-325511/docs/apis/VoiceControlPlugin.md
2026-02-23 09:44:53,299 - Knowledge - INFO - Async storage completed for 5 embeddings
2026-02-23 09:44:53,510 - Knowledge - INFO - process ingested knowledge for /app/data/T0015/325511/b125717/entservices-apis-325511/docs/apis/HdcpProfile.md
2026-02-23 09:44:53,866 - Knowledge - INFO - Worker kw2 processing /app/data/T0015/325511/b125717/entservices-apis-325511/apis/SystemMode/IDeviceOptimizeStateActivator.h
2026-02-23 09:44:53,943 - Knowledge - INFO - Worker kw5 processing /app/data/T0015/325511/b125717/entservices-apis-325511/apis/TextTrack/ITextTrack.h
2026-02-23 09:44:54,092 - Knowledge - INFO - process ingested knowledge for /app/data/T0015/325511/b125717/entservices-apis-325511/docs/apis/HdmiCecSource.md
2026-02-23 09:44:54,161 - Knowledge - INFO - process ingested knowledge for /app/data/T0015/325511/b125717/entservices-apis-325511/docs/apis/ScreenCapture.md
2026-02-23 09:44:54,225 - Knowledge - INFO - Batch sizing: calculated=4, max_allowed=10, queue=55, active_workers=20/20
2026-02-23 09:44:54,305 - Knowledge - INFO - [WEBSOCKET] Sent: Type=progress_update, Size: 290, Duration: 0ms
2026-02-23 09:44:54,305 - Knowledge - INFO - process ingested knowledge for /app/data/T0015/325511/b125717/entservices-apis-325511/docs/apis/RemoteControlPlugin.md
2026-02-23 09:44:54,479 - Knowledge - INFO - process ingested knowledge for /app/data/T0015/325511/b125717/entservices-apis-325511/docs/apis/PowerManager.md
2026-02-23 09:44:54,593 - Knowledge - INFO - Fast-tracked /app/data/T0015/325511/b125717/entservices-apis-325511/apis/Netflix/Netflix.json (ext=.json, size=3021)
2026-02-23 09:44:54,714 - Knowledge - INFO - process ingested knowledge for /app/data/T0015/325511/b125717/entservices-apis-325511/docs/apis/PersistentStore.md
2026-02-23 09:44:54,887 - Knowledge - INFO - process ingested knowledge for /app/data/T0015/325511/b125717/entservices-apis-325511/docs/README.md
2026-02-23 09:44:54,978 - Knowledge - INFO - Fast-tracked /app/data/T0015/325511/b125717/entservices-apis-325511/apis/SystemMode/IDeviceOptimizeStateActivator.h (ext=.h, size=1334)
2026-02-23 09:44:55,063 - Knowledge - INFO - Worker kw5 processing /app/data/T0015/325511/b125717/entservices-apis-325511/apis/MessageControl/IMessageControl.h
2026-02-23 09:44:55,166 - Knowledge - INFO - process ingested knowledge for /app/data/T0015/325511/b125717/entservices-apis-325511/docs/apis/RDKWindowManager.md
2026-02-23 09:44:55,278 - Knowledge - INFO - process ingested knowledge for /app/data/T0015/325511/b125717/entservices-apis-325511/docs/apis/AppManager.md
2026-02-23 09:44:55,455 - Knowledge - INFO - Async storing batch of 5 embeddings
2026-02-23 09:44:55,456 - Knowledge - INFO - [kw9] Queue=47, InProgress=0, PendingWorkers=20/20, Completed=174/274 (63.5%)
2026-02-23 09:44:55,457 - Knowledge - INFO - Async storing batch of 5 embeddings
2026-02-23 09:44:55,457 - Knowledge - INFO - [WEBSOCKET] Sent: Type=unknown, Size: ?, Duration: 1152ms
2026-02-23 09:44:55,575 - Knowledge - INFO - process ingested knowledge for /app/data/T0015/325511/b125717/entservices-apis-325511/docs/apis/RDKShellPlugin.md
2026-02-23 09:44:55,694 - Knowledge - INFO - process ingested knowledge for /app/data/T0015/325511/b125717/entservices-apis-325511/docs/apis/FirmwareUpdate.md
2026-02-23 09:44:55,774 - Knowledge - INFO - Worker kw8 processing /app/data/T0015/325511/b125717/entservices-apis-325511/apis/Netflix/INetflixSecurity.h
2026-02-23 09:44:55,969 - Knowledge - INFO - process ingested knowledge for /app/data/T0015/325511/b125717/entservices-apis-325511/docs/index.html
2026-02-23 09:44:56,029 - Knowledge - INFO - Worker kw2 processing /app/data/T0015/325511/b125717/entservices-apis-325511/apis/SystemMode/ISystemMode.h
2026-02-23 09:44:56,119 - Knowledge - INFO - Worker kw5 processing /app/data/T0015/325511/b125717/entservices-apis-325511/apis/Ids.h
2026-02-23 09:44:56,223 - Knowledge - INFO - process ingested knowledge for /app/data/T0015/325511/b125717/entservices-apis-325511/docs/apis/MotionDetectionPlugin.md
2026-02-23 09:44:56,335 - Knowledge - INFO - process ingested knowledge for /app/data/T0015/325511/b125717/entservices-apis-325511/docs/apis/SharedStorage.md
2026-02-23 09:44:56,421 - Knowledge - INFO - Worker kw1 processing /app/data/T0015/325511/b125717/entservices-apis-325511/apis/Packager/IPackager.h
2026-02-23 09:44:56,545 - Knowledge - INFO - Batch sizing: calculated=4, max_allowed=10, queue=47, active_workers=20/20
2026-02-23 09:44:56,636 - Knowledge - INFO - Worker kw3 processing /app/data/T0015/325511/b125717/entservices-apis-325511/apis/PersistentStore/IStoreCache.h
2026-02-23 09:44:56,716 - Knowledge - INFO - Progress: 63.5% | Files: 174/274 | Rate: 2.02 files/sec | Queue: 47
2026-02-23 09:44:56,719 - Knowledge - INFO - [kw6] Queue=47, InProgress=0, PendingWorkers=20/20, Completed=174/274 (63.5%)
2026-02-23 09:44:56,807 - Knowledge - INFO - process ingested knowledge for /app/data/T0015/325511/b125717/entservices-apis-325511/docs/apis/Analytics.md
2026-02-23 09:44:56,898 - Knowledge - INFO - process ingested knowledge for /app/data/T0015/325511/b125717/entservices-apis-325511/docs/apis/StorageManager.md
2026-02-23 09:44:57,027 - Knowledge - INFO - Fast-tracked /app/data/T0015/325511/b125717/entservices-apis-325511/apis/Netflix/INetflixSecurity.h (ext=.h, size=1678)
2026-02-23 09:44:57,140 - Knowledge - INFO - process ingested knowledge for /app/data/T0015/325511/b125717/entservices-apis-325511/docs/overview/_sidebar.md
2026-02-23 09:44:57,356 - Knowledge - INFO - Worker kw5 processing /app/data/T0015/325511/b125717/entservices-apis-325511/apis/LEDControl/ILEDControl.h
2026-02-23 09:44:57,603 - Knowledge - INFO - Worker kw1 processing /app/data/T0015/325511/b125717/entservices-apis-325511/apis/OCIContainer/IOCIContainer.h
2026-02-23 09:44:57,808 - Knowledge - INFO - Fast-tracked /app/data/T0015/325511/b125717/entservices-apis-325511/apis/PersistentStore/IStoreCache.h (ext=.h, size=995)
2026-02-23 09:44:57,814 - Knowledge - INFO - Async storing batch of 5 embeddings
2026-02-23 09:44:57,962 - Knowledge - INFO - [kw4] Queue=43, InProgress=0, PendingWorkers=20/20, Completed=174/274 (63.5%)
2026-02-23 09:44:57,976 - Knowledge - INFO - Batch sizing: calculated=4, max_allowed=10, queue=47, active_workers=20/20
2026-02-23 09:44:58,185 - Knowledge - INFO - process ingested knowledge for /app/data/T0015/325511/b125717/entservices-apis-325511/docs/apis/DeviceDiagnostics.md
2026-02-23 09:44:58,256 - Knowledge - INFO - process ingested knowledge for /app/data/T0015/325511/b125717/entservices-apis-325511/docs/apis/UserSettings.md
2026-02-23 09:44:58,256 - Knowledge - INFO - [kw12] Queue=43, InProgress=0, PendingWorkers=20/20, Completed=174/274 (63.5%)
2026-02-23 09:44:58,290 - Knowledge - INFO - [kw10] Queue=43, InProgress=0, PendingWorkers=20/20, Completed=174/274 (63.5%)
2026-02-23 09:44:58,317 - Knowledge - INFO - Worker kw8 processing /app/data/T0015/325511/b125717/entservices-apis-325511/apis/Netflix/INetflix.h
2026-02-23 09:44:58,422 - Knowledge - INFO - process ingested knowledge for /app/data/T0015/325511/b125717/entservices-apis-325511/docs/overview/aat.md
2026-02-23 09:44:58,665 - Knowledge - INFO - Worker kw1 processing /app/data/T0015/325511/b125717/entservices-apis-325511/apis/HdmiCecSource/IHdmiCecSource.h
2026-02-23 09:44:58,666 - Knowledge - INFO - Fast-tracked /app/data/T0015/325511/b125717/entservices-apis-325511/apis/WebKitBrowser/IMemory.h (small file (2050 bytes))
2026-02-23 09:44:58,996 - Knowledge - INFO - Worker kw3 processing /app/data/T0015/325511/b125717/entservices-apis-325511/apis/PersistentStore/IStore.h
2026-02-23 09:44:59,173 - Knowledge - INFO - Worker kw9 processing /app/data/T0015/325511/b125717/entservices-apis-325511/apis/common.json
2026-02-23 09:44:59,294 - Knowledge - INFO - Batch sizing: calculated=4, max_allowed=10, queue=43, active_workers=20/20
2026-02-23 09:44:59,371 - Knowledge - INFO - Async storing batch of 5 embeddings
2026-02-23 09:44:59,643 - Knowledge - INFO - Batch sizing: calculated=4, max_allowed=10, queue=43, active_workers=20/20
2026-02-23 09:44:59,736 - Knowledge - INFO - Batch sizing: calculated=4, max_allowed=10, queue=43, active_workers=20/20
2026-02-23 09:44:59,882 - Knowledge - INFO - Worker kw8 processing /app/data/T0015/325511/b125717/entservices-apis-325511/apis/USBDevice/IUSBDevice.h
2026-02-23 09:45:00,228 - Knowledge - INFO - Worker kw1 processing /app/data/T0015/325511/b125717/entservices-apis-325511/apis/DTV/DTV.json
2026-02-23 09:45:00,548 - Knowledge - INFO - Fast-tracked /app/data/T0015/325511/b125717/entservices-apis-325511/apis/PersistentStore/IStore.h (ext=.h, size=1719)
2026-02-23 09:45:00,656 - Knowledge - INFO - Fast-tracked /app/data/T0015/325511/b125717/entservices-apis-325511/apis/common.json (ext=.json, size=4372)
2026-02-23 09:45:00,908 - Knowledge - INFO - Worker kw6 processing /app/data/T0015/325511/b125717/entservices-apis-325511/apis/FrontPanel/IFrontPanel.h
2026-02-23 09:45:01,355 - Knowledge - INFO - Fast-tracked /app/data/T0015/325511/b125717/entservices-apis-325511/apis/Netflix/INetflix.h (small file (2008 bytes))
2026-02-23 09:45:01,373 - Knowledge - INFO - Fast-tracked /app/data/T0015/325511/b125717/entservices-apis-325511/apis/DTV/DTV.json (ext=.json, size=50537)
2026-02-23 09:45:01,494 - Knowledge - INFO - Worker kw3 processing /app/data/T0015/325511/b125717/entservices-apis-325511/apis/PersistentStore/PersistentStore.json
2026-02-23 09:45:01,528 - Knowledge - INFO - Async storing batch of 5 embeddings
2026-02-23 09:45:01,650 - Knowledge - INFO - Worker kw9 processing /app/data/T0015/325511/b125717/entservices-apis-325511/apis/MiracastPlayer/IMiracastPlayer.h
2026-02-23 09:45:01,778 - Knowledge - INFO - Worker kw6 processing /app/data/T0015/325511/b125717/entservices-apis-325511/apis/PlayerInfo/IPlayerInfo.h
2026-02-23 09:45:01,839 - Knowledge - INFO - Async storing batch of 5 embeddings
2026-02-23 09:45:01,852 - Knowledge - INFO - Async storing batch of 5 embeddings
2026-02-23 09:45:02,147 - Knowledge - INFO - Fast-tracked /app/data/T0015/325511/b125717/entservices-apis-325511/apis/Packager/IPackager.h (small file (2640 bytes))
2026-02-23 09:45:02,164 - Knowledge - INFO - [kw13] Queue=27, InProgress=0, PendingWorkers=20/20, Completed=174/274 (63.5%)
2026-02-23 09:45:02,175 - Knowledge - INFO - [kw15] Queue=27, InProgress=0, PendingWorkers=20/20, Completed=174/274 (63.5%)
2026-02-23 09:45:02,205 - Knowledge - INFO - Fast-tracked /app/data/T0015/325511/b125717/entservices-apis-325511/apis/PersistentStore/PersistentStore.json (ext=.json, size=10910)
2026-02-23 09:45:02,252 - Knowledge - INFO - [LLM_CALL] Completed: IStorageManager.h:chunk1, Duration: 9176ms, PromptTokens: 2516, CompletionTokens: 448, Cost: $0.00043
2026-02-23 09:45:02,301 - Knowledge - INFO - Worker kw4 processing /app/data/T0015/325511/b125717/entservices-apis-325511/apis/PreinstallManager/IPreinstallManager.h
2026-02-23 09:45:02,395 - Knowledge - INFO - Worker kw9 processing /app/data/T0015/325511/b125717/entservices-apis-325511/apis/RDKShell/ICapture.h
2026-02-23 09:45:02,484 - Knowledge - INFO - Worker kw6 processing /app/data/T0015/325511/b125717/entservices-apis-325511/apis/PlayerInfo/PlayerInfo.json
2026-02-23 09:45:02,557 - Knowledge - INFO - Worker kw12 processing /app/data/T0015/325511/b125717/entservices-apis-325511/apis/Cobalt/IDictionary.h
2026-02-23 09:45:02,675 - Knowledge - INFO - Worker kw10 processing /app/data/T0015/325511/b125717/entservices-apis-325511/apis/XCast/IXCast.h
2026-02-23 09:45:02,873 - Knowledge - INFO - Batch sizing: calculated=4, max_allowed=10, queue=27, active_workers=20/20
2026-02-23 09:45:02,955 - Knowledge - INFO - Batch sizing: calculated=4, max_allowed=10, queue=27, active_workers=20/20
2026-02-23 09:45:03,038 - Knowledge - INFO - Worker kw3 processing /app/data/T0015/325511/b125717/entservices-apis-325511/apis/PersistentStore/IStore2.h
2026-02-23 09:45:03,131 - Knowledge - INFO - done ingest for /app/data/T0015/325511/b125717/entservices-apis-325511/apis/StorageManager/IStorageManager.h
2026-02-23 09:45:03,133 - Knowledge - INFO - [kw11] Queue=27, InProgress=0, PendingWorkers=20/20, Completed=174/274 (63.5%)
2026-02-23 09:45:03,176 - Knowledge - INFO - Async storage completed for 6 embeddings
2026-02-23 09:45:03,262 - Knowledge - INFO - Worker kw4 processing /app/data/T0015/325511/b125717/entservices-apis-325511/apis/LISA/ILISA.h
2026-02-23 09:45:03,344 - Knowledge - INFO - Fast-tracked /app/data/T0015/325511/b125717/entservices-apis-325511/apis/RDKShell/ICapture.h (ext=.h, size=1341)
2026-02-23 09:45:03,424 - Knowledge - INFO - Fast-tracked /app/data/T0015/325511/b125717/entservices-apis-325511/apis/PlayerInfo/PlayerInfo.json (ext=.json, size=2189)
2026-02-23 09:45:03,508 - Knowledge - INFO - Worker kw12 processing /app/data/T0015/325511/b125717/entservices-apis-325511/apis/FirmwareDownload/IFirmwareDownload.h
2026-02-23 09:45:03,628 - Knowledge - INFO - Worker kw10 processing /app/data/T0015/325511/b125717/entservices-apis-325511/apis/DownloadManager/IDownloadManager.h
2026-02-23 09:45:03,701 - Knowledge - INFO - Async storing batch of 5 embeddings
2026-02-23 09:45:03,788 - Knowledge - INFO - Async storing batch of 5 embeddings
2026-02-23 09:45:04,113 - Knowledge - INFO - Batch sizing: calculated=4, max_allowed=10, queue=27, active_workers=20/20
2026-02-23 09:45:04,402 - Knowledge - INFO - Worker kw4 processing /app/data/T0015/325511/b125717/entservices-apis-325511/apis/LISA/LISA.json
2026-02-23 09:45:04,415 - Knowledge - INFO - [LLM_CALL] Completed: IFirmwareUpdate.h:chunk1, Duration: 16493ms, PromptTokens: 2912, CompletionTokens: 366, Cost: $0.00044
2026-02-23 09:45:04,489 - Knowledge - INFO - Worker kw9 processing /app/data/T0015/325511/b125717/entservices-apis-325511/apis/RDKShell/IFocus.h
2026-02-23 09:45:04,595 - Knowledge - INFO - Worker kw6 processing /app/data/T0015/325511/b125717/entservices-apis-325511/apis/PlayerInfo/IDolby.h
2026-02-23 09:45:04,740 - Knowledge - INFO - Worker kw12 processing /app/data/T0015/325511/b125717/entservices-apis-325511/apis/MiracastService/IMiracastService.h
2026-02-23 09:45:04,872 - Knowledge - INFO - Worker kw10 processing /app/data/T0015/325511/b125717/entservices-apis-325511/apis/wpeframework-clientlibraries/ICompositionBuffer.h
2026-02-23 09:45:04,955 - Knowledge - INFO - Worker kw13 processing /app/data/T0015/325511/b125717/entservices-apis-325511/apis/wpeframework-clientlibraries/ICryptography.h
2026-02-23 09:45:05,036 - Knowledge - INFO - Worker kw15 processing /app/data/T0015/325511/b125717/entservices-apis-325511/apis/USBMassStorage/IUSBMassStorage.h
2026-02-23 09:45:05,286 - Knowledge - INFO - Fast-tracked /app/data/T0015/325511/b125717/entservices-apis-325511/apis/MessageControl/IMessageControl.h (small file (2289 bytes))
2026-02-23 09:45:05,287 - Knowledge - INFO - Fast-tracked /app/data/T0015/325511/b125717/entservices-apis-325511/apis/LISA/LISA.json (ext=.json, size=21516)
2026-02-23 09:45:05,383 - Knowledge - INFO - done ingest for /app/data/T0015/325511/b125717/entservices-apis-325511/apis/FirmwareUpdate/IFirmwareUpdate.h
2026-02-23 09:45:05,388 - Knowledge - INFO - Async storing batch of 5 embeddings
2026-02-23 09:45:05,473 - Knowledge - INFO - Fast-tracked /app/data/T0015/325511/b125717/entservices-apis-325511/apis/RDKShell/IFocus.h (ext=.h, size=993)
2026-02-23 09:45:05,727 - Knowledge - INFO - Worker kw12 processing /app/data/T0015/325511/b125717/entservices-apis-325511/apis/AmazonPrime/IAmazonPrime.h
2026-02-23 09:45:05,845 - Knowledge - INFO - Worker kw10 processing /app/data/T0015/325511/b125717/entservices-apis-325511/apis/wpeframework-clientlibraries/IComposition.h
2026-02-23 09:45:05,925 - Knowledge - INFO - Worker kw13 processing /app/data/T0015/325511/b125717/entservices-apis-325511/apis/ResourceManager/IResourceManager.h
2026-02-23 09:45:06,057 - Knowledge - INFO - Worker kw15 processing /app/data/T0015/325511/b125717/entservices-apis-325511/apis/AppGateway/IAppGateway.h
2026-02-23 09:45:06,280 - Knowledge - INFO - Worker kw4 processing /app/data/T0015/325511/b125717/entservices-apis-325511/apis/Portability.h
2026-02-23 09:45:06,521 - Knowledge - INFO - Worker kw11 processing /app/data/T0015/325511/b125717/entservices-apis-325511/apis/Telemetry/ITelemetry.h
2026-02-23 09:45:06,815 - Knowledge - INFO - Fast-tracked /app/data/T0015/325511/b125717/entservices-apis-325511/apis/Cobalt/IDictionary.h (small file (2514 bytes))
2026-02-23 09:45:07,020 - Knowledge - INFO - Worker kw13 processing /app/data/T0015/325511/b125717/entservices-apis-325511/apis/LinearPlaybackControl/LinearPlaybackControl.json
2026-02-23 09:45:07,171 - Knowledge - INFO - Worker kw15 processing /app/data/T0015/325511/b125717/entservices-apis-325511/apis/HomeKitTV/IHomeKitTV.h
2026-02-23 09:45:07,342 - Knowledge - INFO - Fast-tracked /app/data/T0015/325511/b125717/entservices-apis-325511/apis/PreinstallManager/IPreinstallManager.h (small file (2088 bytes))
2026-02-23 09:45:07,518 - Knowledge - INFO - Worker kw11 processing /app/data/T0015/325511/b125717/entservices-apis-325511/apis/LifecycleManager/ILifecycleManager.h
2026-02-23 09:45:07,556 - Knowledge - INFO - Fast-tracked /app/data/T0015/325511/b125717/entservices-apis-325511/apis/SystemMode/ISystemMode.h (small file (2943 bytes))
2026-02-23 09:45:07,933 - Knowledge - INFO - Fast-tracked /app/data/T0015/325511/b125717/entservices-apis-325511/apis/LinearPlaybackControl/LinearPlaybackControl.json (ext=.json, size=9542)
2026-02-23 09:45:08,074 - Knowledge - INFO - Worker kw15 processing /app/data/T0015/325511/b125717/entservices-apis-325511/apis/HomeKitTV/HomeKitTV.json
2026-02-23 09:45:08,349 - Knowledge - INFO - Worker kw11 processing /app/data/T0015/325511/b125717/entservices-apis-325511/apis/LifecycleManager/ILifecycleManagerState.h
2026-02-23 09:45:08,452 - Knowledge - INFO - Async storage completed for 5 embeddings
2026-02-23 09:45:08,562 - Knowledge - INFO - Worker kw13 processing /app/data/T0015/325511/b125717/entservices-apis-325511/apis/Warehouse/IWarehouse.h
2026-02-23 09:45:08,728 - Knowledge - INFO - Fast-tracked /app/data/T0015/325511/b125717/entservices-apis-325511/apis/HomeKitTV/HomeKitTV.json (ext=.json, size=9145)
2026-02-23 09:45:08,821 - Knowledge - INFO - Worker kw11 processing /app/data/T0015/325511/b125717/entservices-apis-325511/apis/AppNotifications/IAppNotifications.h
2026-02-23 09:45:10,772 - Knowledge - INFO - Async storage completed for 6 embeddings
2026-02-23 09:45:14,177 - Knowledge - INFO - [LLM_CALL] Completed: IUserSettings.h:chunk1, Duration: 23940ms, PromptTokens: 10300, CompletionTokens: 1452, Cost: $0.00161
2026-02-23 09:45:14,525 - Knowledge - INFO - done ingest for /app/data/T0015/325511/b125717/entservices-apis-325511/apis/UserSettings/IUserSettings.h
2026-02-23 09:45:15,777 - Knowledge - INFO - Processing batch of 5 files
2026-02-23 09:45:16,200 - Knowledge - INFO - process ingested knowledge for /app/data/T0015/325511/b125717/entservices-apis-325511/docs/overview/arch.md
2026-02-23 09:45:16,577 - Knowledge - INFO - process ingested knowledge for /app/data/T0015/325511/b125717/entservices-apis-325511/docs/overview/intro.md
2026-02-23 09:45:16,906 - Knowledge - INFO - process ingested knowledge for /app/data/T0015/325511/b125717/entservices-apis-325511/apis/FirmwareUpdate/IFirmwareUpdate.h
2026-02-23 09:45:17,290 - Knowledge - INFO - process ingested knowledge for /app/data/T0015/325511/b125717/entservices-apis-325511/apis/UserSettings/IUserSettings.h
2026-02-23 09:45:17,693 - Knowledge - INFO - process ingested knowledge for /app/data/T0015/325511/b125717/entservices-apis-325511/apis/StorageManager/IStorageManager.h
2026-02-23 09:45:17,894 - Knowledge - INFO - [LLM_CALL] Completed: IMigration.h:chunk1, Duration: 20645ms, PromptTokens: 2214, CompletionTokens: 317, Cost: $0.00035
2026-02-23 09:45:18,152 - Knowledge - INFO - done ingest for /app/data/T0015/325511/b125717/entservices-apis-325511/apis/Migration/IMigration.h
2026-02-23 09:45:18,314 - Knowledge - INFO - [LLM_CALL] Completed: IHdmiCecSink.h:chunk1, Duration: 24914ms, PromptTokens: 9340, CompletionTokens: 1274, Cost: $0.00144
2026-02-23 09:45:18,512 - Knowledge - INFO - done ingest for /app/data/T0015/325511/b125717/entservices-apis-325511/apis/HdmiCecSink/IHdmiCecSink.h
2026-02-23 09:45:19,255 - Knowledge - INFO - Processing batch of 4 files
2026-02-23 09:45:19,300 - Knowledge - INFO - Processing batch of 4 files
2026-02-23 09:45:19,515 - Knowledge - INFO - process ingested knowledge for /app/data/T0015/325511/b125717/entservices-apis-325511/apis/HdmiCecSink/IHdmiCecSink.h
2026-02-23 09:45:19,652 - Knowledge - INFO - process ingested knowledge for /app/data/T0015/325511/b125717/entservices-apis-325511/apis/WebKitBrowser/CookieJar.json
2026-02-23 09:45:20,162 - Knowledge - INFO - process ingested knowledge for /app/data/T0015/325511/b125717/entservices-apis-325511/apis/StateControl/StateControl.json
2026-02-23 09:45:20,169 - Knowledge - INFO - process ingested knowledge for /app/data/T0015/325511/b125717/entservices-apis-325511/apis/Migration/IMigration.h
2026-02-23 09:45:20,329 - Knowledge - INFO - [LLM_CALL] Completed: ISharedStorage.h:chunk1, Duration: 28692ms, PromptTokens: 4050, CompletionTokens: 776, Cost: $0.00072
2026-02-23 09:45:20,486 - Knowledge - INFO - process ingested knowledge for /app/data/T0015/325511/b125717/entservices-apis-325511/apis/DeviceIdentification/DeviceIdentification.json
2026-02-23 09:45:20,611 - Knowledge - INFO - Async storage completed for 5 embeddings
2026-02-23 09:45:20,721 - Knowledge - INFO - process ingested knowledge for /app/data/T0015/325511/b125717/entservices-apis-325511/apis/SystemMode/IDeviceOptimizeStateActivator.h
2026-02-23 09:45:20,759 - Knowledge - INFO - done ingest for /app/data/T0015/325511/b125717/entservices-apis-325511/apis/SharedStorage/ISharedStorage.h
2026-02-23 09:45:20,770 - Knowledge - INFO - [WEBSOCKET] Sent: Type=progress_update, Size: 291, Duration: 0ms
2026-02-23 09:45:20,942 - Knowledge - INFO - process ingested knowledge for /app/data/T0015/325511/b125717/entservices-apis-325511/apis/WebKitBrowser/IMemory.h
2026-02-23 09:45:21,255 - Knowledge - INFO - process ingested knowledge for /app/data/T0015/325511/b125717/entservices-apis-325511/apis/SystemMode/ISystemMode.h
2026-02-23 09:45:21,619 - Knowledge - INFO - [WEBSOCKET] Sent: Type=unknown, Size: ?, Duration: 849ms
2026-02-23 09:45:22,061 - Knowledge - INFO - Progress: 68.2% | Files: 187/274 | Rate: 1.66 files/sec | Queue: 15
2026-02-23 09:45:22,080 - Knowledge - INFO - [LLM_CALL] Completed: IUSBDevice.h:chunk1, Duration: 20101ms, PromptTokens: 3776, CompletionTokens: 647, Cost: $0.00064
2026-02-23 09:45:22,548 - Knowledge - INFO - done ingest for /app/data/T0015/325511/b125717/entservices-apis-325511/apis/USBDevice/IUSBDevice.h
2026-02-23 09:45:22,978 - Knowledge - INFO - [kw14] Queue=15, InProgress=0, PendingWorkers=20/20, Completed=187/274 (68.2%)
2026-02-23 09:45:23,247 - Knowledge - INFO - Batch sizing: calculated=4, max_allowed=10, queue=15, active_workers=20/20
2026-02-23 09:45:23,328 - Knowledge - INFO - [LLM_CALL] Completed: IDisplayInfo.h:chunk1, Duration: 26610ms, PromptTokens: 5050, CompletionTokens: 929, Cost: $0.00088
2026-02-23 09:45:23,767 - Knowledge - INFO - done ingest for /app/data/T0015/325511/b125717/entservices-apis-325511/apis/DisplayInfo/IDisplayInfo.h
2026-02-23 09:45:24,115 - Knowledge - INFO - [LLM_CALL] Completed: IScreenCapture.h:chunk1, Duration: 27396ms, PromptTokens: 2032, CompletionTokens: 380, Cost: $0.00036
2026-02-23 09:45:24,384 - Knowledge - INFO - done ingest for /app/data/T0015/325511/b125717/entservices-apis-325511/apis/ScreenCapture/IScreenCapture.h
2026-02-23 09:45:24,402 - Knowledge - INFO - Async storing batch of 5 embeddings
2026-02-23 09:45:24,817 - Knowledge - INFO - Worker kw14 processing /app/data/T0015/325511/b125717/entservices-apis-325511/apis/Module.cpp
2026-02-23 09:45:25,096 - Knowledge - INFO - Async storage completed for 5 embeddings
2026-02-23 09:45:25,118 - Knowledge - INFO - Fast-tracked /app/data/T0015/325511/b125717/entservices-apis-325511/apis/Module.cpp (ext=.cpp, size=779)
2026-02-23 09:45:25,661 - Knowledge - INFO - [kw20] Queue=11, InProgress=0, PendingWorkers=20/20, Completed=192/274 (70.1%)
2026-02-23 09:45:25,788 - Knowledge - INFO - [WEBSOCKET] Sent: Type=progress_update, Size: 272, Duration: 0ms
2026-02-23 09:45:25,852 - Knowledge - INFO - Worker kw14 processing /app/data/T0015/325511/b125717/entservices-apis-325511/apis/FrameRate/IFrameRate.h
2026-02-23 09:45:25,995 - Knowledge - INFO - Batch sizing: calculated=4, max_allowed=10, queue=11, active_workers=20/20
2026-02-23 09:45:26,211 - Knowledge - INFO - [WEBSOCKET] Sent: Type=unknown, Size: ?, Duration: 423ms
2026-02-23 09:45:26,416 - Knowledge - INFO - Worker kw14 processing /app/data/T0015/325511/b125717/entservices-apis-325511/apis/PackageManager/IPackageManager.h
2026-02-23 09:45:26,799 - Knowledge - INFO - Progress: 70.4% | Files: 195/274 | Rate: 1.65 files/sec | Queue: 7
2026-02-23 09:45:26,851 - Knowledge - INFO - Processing batch of 4 files
2026-02-23 09:45:26,859 - Knowledge - INFO - Async storing batch of 4 embeddings
2026-02-23 09:45:26,874 - Knowledge - INFO - [LLM_CALL] Completed: IDeviceDiagnostics.h:chunk1, Duration: 39770ms, PromptTokens: 2346, CompletionTokens: 580, Cost: $0.00047
2026-02-23 09:45:27,002 - Knowledge - INFO - Worker kw14 processing /app/data/T0015/325511/b125717/entservices-apis-325511/apis/PackageManager/README.md
2026-02-23 09:45:27,077 - Knowledge - INFO - [kw2] Queue=7, InProgress=0, PendingWorkers=20/20, Completed=195/274 (71.2%)
2026-02-23 09:45:27,288 - Knowledge - INFO - process ingested knowledge for /app/data/T0015/325511/b125717/entservices-apis-325511/apis/Netflix/Netflix.json
2026-02-23 09:45:27,393 - Knowledge - INFO - Worker kw20 processing /app/data/T0015/325511/b125717/entservices-apis-325511/apis/PackageManager/IAppPackageManager.h
2026-02-23 09:45:27,589 - Knowledge - INFO - done ingest for /app/data/T0015/325511/b125717/entservices-apis-325511/apis/DeviceDiagnostics/IDeviceDiagnostics.h
2026-02-23 09:45:27,741 - Knowledge - INFO - Processing batch of 5 files
2026-02-23 09:45:27,763 - Knowledge - INFO - Fast-tracked /app/data/T0015/325511/b125717/entservices-apis-325511/apis/PackageManager/README.md (ext=.md, size=306)
2026-02-23 09:45:27,839 - Knowledge - INFO - Batch sizing: calculated=4, max_allowed=10, queue=7, active_workers=20/20
2026-02-23 09:45:27,946 - Knowledge - INFO - process ingested knowledge for /app/data/T0015/325511/b125717/entservices-apis-325511/apis/Netflix/INetflixSecurity.h
2026-02-23 09:45:28,063 - Knowledge - INFO - Worker kw20 processing /app/data/T0015/325511/b125717/entservices-apis-325511/apis/AVInput/IAVInput.h
2026-02-23 09:45:28,345 - Knowledge - INFO - process ingested knowledge for /app/data/T0015/325511/b125717/entservices-apis-325511/apis/SharedStorage/ISharedStorage.h
2026-02-23 09:45:28,654 - Knowledge - INFO - Async storing batch of 4 embeddings
2026-02-23 09:45:28,801 - Knowledge - INFO - process ingested knowledge for /app/data/T0015/325511/b125717/entservices-apis-325511/apis/Netflix/INetflix.h
2026-02-23 09:45:28,962 - Knowledge - INFO - [LLM_CALL] Completed: ISystemAudioPlayer.h:chunk1, Duration: 37325ms, PromptTokens: 3596, CompletionTokens: 635, Cost: $0.00061
2026-02-23 09:45:28,973 - Knowledge - INFO - Worker kw20 processing /app/data/T0015/325511/b125717/entservices-apis-325511/apis/OpenCDMi/IOCDM.h
2026-02-23 09:45:29,106 - Knowledge - INFO - process ingested knowledge for /app/data/T0015/325511/b125717/entservices-apis-325511/apis/TelemetryMetrics/ITelemetryMetrics.h
2026-02-23 09:45:29,268 - Knowledge - INFO - Worker kw2 processing /app/data/T0015/325511/b125717/entservices-apis-325511/apis/OpenCDMi/IContentDecryption.h
2026-02-23 09:45:29,386 - Knowledge - INFO - process ingested knowledge for /app/data/T0015/325511/b125717/entservices-apis-325511/apis/USBDevice/IUSBDevice.h
2026-02-23 09:45:29,499 - Knowledge - INFO - done ingest for /app/data/T0015/325511/b125717/entservices-apis-325511/apis/SystemAudioPlayer/ISystemAudioPlayer.h
2026-02-23 09:45:29,500 - Knowledge - INFO - [LLM_CALL] Completed: IStore2.h:chunk1, Duration: 25586ms, PromptTokens: 2546, CompletionTokens: 595, Cost: $0.00049
2026-02-23 09:45:29,638 - Knowledge - INFO - Worker kw20 processing /app/data/T0015/325511/b125717/entservices-apis-325511/apis/OpenCDMi/IDRM.h
2026-02-23 09:45:29,779 - Knowledge - INFO - process ingested knowledge for /app/data/T0015/325511/b125717/entservices-apis-325511/apis/DisplayInfo/DisplayInfo.json
2026-02-23 09:45:29,899 - Knowledge - INFO - Worker kw2 processing /app/data/T0015/325511/b125717/entservices-apis-325511/apis/OpenCDMi/OCDM.json
2026-02-23 09:45:30,343 - Knowledge - INFO - done ingest for /app/data/T0015/325511/b125717/entservices-apis-325511/apis/PersistentStore/IStore2.h
2026-02-23 09:45:30,731 - Knowledge - INFO - Fast-tracked /app/data/T0015/325511/b125717/entservices-apis-325511/apis/OpenCDMi/OCDM.json (ext=.json, size=3221)
2026-02-23 09:45:30,833 - Knowledge - INFO - process ingested knowledge for /app/data/T0015/325511/b125717/entservices-apis-325511/apis/DisplayInfo/IDisplayInfo.h
2026-02-23 09:45:30,964 - Knowledge - INFO - Worker kw2 processing /app/data/T0015/325511/b125717/entservices-apis-325511/apis/RuntimeManager/IRuntimeManager.h
2026-02-23 09:45:31,278 - Knowledge - INFO - process ingested knowledge for /app/data/T0015/325511/b125717/entservices-apis-325511/apis/DisplayInfo/IConfiguration.h
2026-02-23 09:45:31,340 - Knowledge - INFO - Worker kw2 processing /app/data/T0015/325511/b125717/entservices-apis-325511/README.md
2026-02-23 09:45:31,758 - Knowledge - INFO - Fast-tracked /app/data/T0015/325511/b125717/entservices-apis-325511/README.md (ext=.md, size=9174)
2026-02-23 09:45:32,075 - Knowledge - INFO - Processing batch of 5 files
2026-02-23 09:45:32,103 - Knowledge - INFO - Processing batch of 4 files
2026-02-23 09:45:32,358 - Knowledge - INFO - [WEBSOCKET] Sent: Type=progress_update, Size: 273, Duration: 0ms
2026-02-23 09:45:32,804 - Knowledge - INFO - process ingested knowledge for /app/data/T0015/325511/b125717/entservices-apis-325511/apis/Monitor/Monitor.json
2026-02-23 09:45:32,955 - Knowledge - INFO - process ingested knowledge for /app/data/T0015/325511/b125717/entservices-apis-325511/apis/PersistentStore/IStoreCache.h
2026-02-23 09:45:33,030 - Knowledge - INFO - [WEBSOCKET] Sent: Type=unknown, Size: ?, Duration: 672ms
2026-02-23 09:45:33,248 - Knowledge - INFO - process ingested knowledge for /app/data/T0015/325511/b125717/entservices-apis-325511/apis/DeviceDiagnostics/IDeviceDiagnostics.h
2026-02-23 09:45:33,301 - Knowledge - INFO - process ingested knowledge for /app/data/T0015/325511/b125717/entservices-apis-325511/apis/PersistentStore/IStore.h
2026-02-23 09:45:33,440 - Knowledge - INFO - Progress: 74.8% | Files: 205/274 | Rate: 1.65 files/sec | Queue: 3
2026-02-23 09:45:33,773 - Knowledge - INFO - process ingested knowledge for /app/data/T0015/325511/b125717/entservices-apis-325511/apis/Analytics/IAnalytics.h
2026-02-23 09:45:33,919 - Knowledge - INFO - process ingested knowledge for /app/data/T0015/325511/b125717/entservices-apis-325511/apis/PersistentStore/PersistentStore.json
2026-02-23 09:45:34,172 - Knowledge - INFO - [LLM_CALL] Completed: IBrowser.h:chunk1, Duration: 31040ms, PromptTokens: 5600, CompletionTokens: 1170, Cost: $0.00103
2026-02-23 09:45:34,272 - Knowledge - INFO - [kw8] Queue=3, InProgress=0, PendingWorkers=20/20, Completed=205/274 (74.8%)
2026-02-23 09:45:34,282 - Knowledge - INFO - process ingested knowledge for /app/data/T0015/325511/b125717/entservices-apis-325511/apis/SystemAudioPlayer/ISystemAudioPlayer.h
2026-02-23 09:45:34,333 - Knowledge - INFO - process ingested knowledge for /app/data/T0015/325511/b125717/entservices-apis-325511/apis/PersistentStore/IStore2.h
2026-02-23 09:45:34,464 - Knowledge - INFO - done ingest for /app/data/T0015/325511/b125717/entservices-apis-325511/apis/WebKitBrowser/IBrowser.h
2026-02-23 09:45:34,466 - Knowledge - INFO - [LLM_CALL] Completed: IMiracastPlayer.h:chunk1, Duration: 27671ms, PromptTokens: 4488, CompletionTokens: 607, Cost: $0.00069
2026-02-23 09:45:34,619 - Knowledge - INFO - Batch sizing: calculated=3, max_allowed=10, queue=3, active_workers=20/20
2026-02-23 09:45:34,739 - Knowledge - INFO - process ingested knowledge for /app/data/T0015/325511/b125717/entservices-apis-325511/apis/ScreenCapture/IScreenCapture.h
2026-02-23 09:45:35,276 - Knowledge - INFO - Async storage completed for 5 embeddings
2026-02-23 09:45:35,351 - Knowledge - INFO - done ingest for /app/data/T0015/325511/b125717/entservices-apis-325511/apis/MiracastPlayer/IMiracastPlayer.h
2026-02-23 09:45:35,352 - Knowledge - INFO - [LLM_CALL] Completed: IPowerManager.h:chunk1, Duration: 42522ms, PromptTokens: 8586, CompletionTokens: 1047, Cost: $0.00128
2026-02-23 09:45:36,017 - Knowledge - INFO - done ingest for /app/data/T0015/325511/b125717/entservices-apis-325511/apis/PowerManager/IPowerManager.h
2026-02-23 09:45:36,020 - Knowledge - INFO - [LLM_CALL] Completed: IDeviceInfo.h:chunk1, Duration: 42490ms, PromptTokens: 10556, CompletionTokens: 863, Cost: $0.00140
2026-02-23 09:45:36,399 - Knowledge - INFO - done ingest for /app/data/T0015/325511/b125717/entservices-apis-325511/apis/DeviceInfo/IDeviceInfo.h
2026-02-23 09:45:36,400 - Knowledge - INFO - Async storing batch of 4 embeddings
2026-02-23 09:45:36,405 - Knowledge - INFO - [LLM_CALL] Completed: IApplication.h:chunk1, Duration: 39689ms, PromptTokens: 2396, CompletionTokens: 585, Cost: $0.00047
2026-02-23 09:45:36,837 - Knowledge - INFO - Worker kw8 processing /app/data/T0015/325511/b125717/entservices-apis-325511/governance.md
2026-02-23 09:45:36,853 - Knowledge - INFO - Async storage completed for 5 embeddings
2026-02-23 09:45:36,971 - Knowledge - INFO - done ingest for /app/data/T0015/325511/b125717/entservices-apis-325511/apis/WebKitBrowser/IApplication.h
2026-02-23 09:45:37,110 - Knowledge - INFO - Fast-tracked /app/data/T0015/325511/b125717/entservices-apis-325511/governance.md (ext=.md, size=15044)
2026-02-23 09:45:37,884 - Knowledge - INFO - Worker kw8 processing /app/data/T0015/325511/b125717/entservices-apis-325511/CONTRIBUTING.md
2026-02-23 09:45:38,014 - Knowledge - INFO - Processing batch of 4 files
2026-02-23 09:45:38,205 - Knowledge - INFO - Fast-tracked /app/data/T0015/325511/b125717/entservices-apis-325511/CONTRIBUTING.md (ext=.md, size=267)
2026-02-23 09:45:38,370 - Knowledge - INFO - process ingested knowledge for /app/data/T0015/325511/b125717/entservices-apis-325511/apis/common.json
2026-02-23 09:45:38,376 - Knowledge - INFO - Fast-tracked /app/data/T0015/325511/b125717/entservices-apis-325511/apis/HomeKitTV/IHomeKitTV.h (small file (2586 bytes))
2026-02-23 09:45:38,529 - Knowledge - INFO - Worker kw8 processing /app/data/T0015/325511/b125717/entservices-apis-325511/CHANGELOG.md
2026-02-23 09:45:38,711 - Knowledge - INFO - [LLM_CALL] Completed: ITextToSpeech.h:chunk1, Duration: 51607ms, PromptTokens: 5628, CompletionTokens: 1005, Cost: $0.00096
2026-02-23 09:45:38,920 - Knowledge - INFO - process ingested knowledge for /app/data/T0015/325511/b125717/entservices-apis-325511/apis/MiracastPlayer/IMiracastPlayer.h
2026-02-23 09:45:38,929 - Knowledge - INFO - Fast-tracked /app/data/T0015/325511/b125717/entservices-apis-325511/apis/wpeframework-clientlibraries/ICompositionBuffer.h (small file (2777 bytes))
2026-02-23 09:45:38,952 - Knowledge - INFO - Async storage completed for 5 embeddings
2026-02-23 09:45:39,050 - Knowledge - INFO - Fast-tracked /app/data/T0015/325511/b125717/entservices-apis-325511/CHANGELOG.md (ext=.md, size=92420)
2026-02-23 09:45:39,150 - Knowledge - INFO - done ingest for /app/data/T0015/325511/b125717/entservices-apis-325511/apis/TextToSpeech/ITextToSpeech.h
2026-02-23 09:45:39,160 - Knowledge - INFO - [WEBSOCKET] Sent: Type=progress_update, Size: 273, Duration: 0ms
2026-02-23 09:45:39,301 - Knowledge - INFO - process ingested knowledge for /app/data/T0015/325511/b125717/entservices-apis-325511/apis/RDKShell/ICapture.h
2026-02-23 09:45:39,459 - Knowledge - INFO - Fast-tracked /app/data/T0015/325511/b125717/entservices-apis-325511/apis/AmazonPrime/IAmazonPrime.h (small file (2906 bytes))
2026-02-23 09:45:39,686 - Knowledge - INFO - Async storage completed for 4 embeddings
2026-02-23 09:45:39,993 - Knowledge - INFO - Processing batch of 4 files
2026-02-23 09:45:40,027 - Knowledge - INFO - [LLM_CALL] Completed: IAppManager.h:chunk1, Duration: 41856ms, PromptTokens: 7200, CompletionTokens: 1012, Cost: $0.00112
2026-02-23 09:45:40,109 - Knowledge - INFO - process ingested knowledge for /app/data/T0015/325511/b125717/entservices-apis-325511/apis/RDKShell/IFocus.h
2026-02-23 09:45:40,264 - Knowledge - INFO - Async storage completed for 5 embeddings
2026-02-23 09:45:40,586 - Knowledge - INFO - process ingested knowledge for /app/data/T0015/325511/b125717/entservices-apis-325511/apis/WebKitBrowser/Browser.json
2026-02-23 09:45:40,795 - Knowledge - INFO - done ingest for /app/data/T0015/325511/b125717/entservices-apis-325511/apis/AppManager/IAppManager.h
2026-02-23 09:45:40,797 - Knowledge - INFO - [WEBSOCKET] Sent: Type=unknown, Size: ?, Duration: 1638ms
2026-02-23 09:45:40,894 - Knowledge - INFO - Async storage completed for 5 embeddings
2026-02-23 09:45:41,203 - Knowledge - INFO - process ingested knowledge for /app/data/T0015/325511/b125717/entservices-apis-325511/apis/WebKitBrowser/WebKitBrowser.json
2026-02-23 09:45:41,479 - Knowledge - INFO - Progress: 77.7% | Files: 216/274 | Rate: 1.65 files/sec | Queue: 0
2026-02-23 09:45:41,567 - Knowledge - INFO - Processing batch of 3 files
2026-02-23 09:45:42,016 - Knowledge - INFO - process ingested knowledge for /app/data/T0015/325511/b125717/entservices-apis-325511/apis/WebKitBrowser/IApplication.h
2026-02-23 09:45:42,067 - Knowledge - INFO - process ingested knowledge for /app/data/T0015/325511/b125717/entservices-apis-325511/governance.md
2026-02-23 09:45:42,725 - Knowledge - INFO - process ingested knowledge for /app/data/T0015/325511/b125717/entservices-apis-325511/apis/WebKitBrowser/IBrowser.h
2026-02-23 09:45:42,759 - Knowledge - INFO - process ingested knowledge for /app/data/T0015/325511/b125717/entservices-apis-325511/CONTRIBUTING.md
2026-02-23 09:45:43,209 - Knowledge - INFO - [LLM_CALL] Completed: IGoogleCast.h:chunk1, Duration: 46239ms, PromptTokens: 3516, CompletionTokens: 603, Cost: $0.00059
2026-02-23 09:45:43,489 - Knowledge - INFO - process ingested knowledge for /app/data/T0015/325511/b125717/entservices-apis-325511/CHANGELOG.md
2026-02-23 09:45:43,510 - Knowledge - INFO - done ingest for /app/data/T0015/325511/b125717/entservices-apis-325511/apis/GoogleCast/IGoogleCast.h
2026-02-23 09:45:43,510 - Knowledge - INFO - [LLM_CALL] Completed: Portability.h:chunk1, Duration: 19512ms, PromptTokens: 3912, CompletionTokens: 335, Cost: $0.00053
2026-02-23 09:45:43,928 - Knowledge - INFO - done ingest for /app/data/T0015/325511/b125717/entservices-apis-325511/apis/Portability.h
2026-02-23 09:45:44,819 - Knowledge - INFO - [LLM_CALL] Completed: IHdcpProfile.h:chunk1, Duration: 54583ms, PromptTokens: 2498, CompletionTokens: 566, Cost: $0.00048
2026-02-23 09:45:45,061 - Knowledge - INFO - done ingest for /app/data/T0015/325511/b125717/entservices-apis-325511/apis/HdcpProfile/IHdcpProfile.h
2026-02-23 09:45:46,573 - Knowledge - INFO - [LLM_CALL] Completed: IOCIContainer.h:chunk1, Duration: 43440ms, PromptTokens: 4890, CompletionTokens: 729, Cost: $0.00078
2026-02-23 09:45:46,884 - Knowledge - INFO - done ingest for /app/data/T0015/325511/b125717/entservices-apis-325511/apis/OCIContainer/IOCIContainer.h
2026-02-23 09:45:48,540 - Knowledge - INFO - Processing batch of 5 files
2026-02-23 09:45:48,610 - Knowledge - INFO - [LLM_CALL] Completed: IRDKWindowManager.h:chunk1, Duration: 58375ms, PromptTokens: 6610, CompletionTokens: 1086, Cost: $0.00110
2026-02-23 09:45:48,795 - Knowledge - INFO - process ingested knowledge for /app/data/T0015/325511/b125717/entservices-apis-325511/apis/TextToSpeech/ITextToSpeech.h
2026-02-23 09:45:48,845 - Knowledge - INFO - Async storage completed for 5 embeddings
2026-02-23 09:45:48,940 - Knowledge - INFO - done ingest for /app/data/T0015/325511/b125717/entservices-apis-325511/apis/RDKWindowManager/IRDKWindowManager.h
2026-02-23 09:45:49,760 - Knowledge - INFO - process ingested knowledge for /app/data/T0015/325511/b125717/entservices-apis-325511/apis/HdcpProfile/IHdcpProfile.h
2026-02-23 09:45:50,180 - Knowledge - INFO - [LLM_CALL] Completed: IUSBMassStorage.h:chunk1, Duration: 40852ms, PromptTokens: 3304, CompletionTokens: 425, Cost: $0.00050
2026-02-23 09:45:50,420 - Knowledge - INFO - done ingest for /app/data/T0015/325511/b125717/entservices-apis-325511/apis/USBMassStorage/IUSBMassStorage.h
2026-02-23 09:45:50,542 - Knowledge - INFO - process ingested knowledge for /app/data/T0015/325511/b125717/entservices-apis-325511/apis/PowerManager/IPowerManager.h
2026-02-23 09:45:50,942 - Knowledge - INFO - process ingested knowledge for /app/data/T0015/325511/b125717/entservices-apis-325511/apis/GoogleCast/IGoogleCast.h
2026-02-23 09:45:51,426 - Knowledge - INFO - process ingested knowledge for /app/data/T0015/325511/b125717/entservices-apis-325511/apis/entservices_errorcodes.h
2026-02-23 09:45:51,867 - Knowledge - INFO - Processing batch of 5 files
2026-02-23 09:45:52,236 - Knowledge - INFO - process ingested knowledge for /app/data/T0015/325511/b125717/entservices-apis-325511/apis/NativeJS/INativeJS.h
2026-02-23 09:45:52,250 - Knowledge - INFO - Async storage completed for 5 embeddings
2026-02-23 09:45:52,546 - Knowledge - INFO - process ingested knowledge for /app/data/T0015/325511/b125717/entservices-apis-325511/apis/RDKWindowManager/IRDKWindowManager.h
2026-02-23 09:45:52,908 - Knowledge - INFO - Async storage completed for 5 embeddings
2026-02-23 09:45:53,203 - Knowledge - INFO - Async storage completed for 5 embeddings
2026-02-23 09:45:53,251 - Knowledge - INFO - process ingested knowledge for /app/data/T0015/325511/b125717/entservices-apis-325511/apis/Module.h
2026-02-23 09:45:53,498 - Knowledge - INFO - Async storage completed for 4 embeddings
2026-02-23 09:45:53,713 - Knowledge - INFO - process ingested knowledge for /app/data/T0015/325511/b125717/entservices-apis-325511/apis/DeviceInfo/IDeviceInfo.h
2026-02-23 09:45:54,112 - Knowledge - INFO - process ingested knowledge for /app/data/T0015/325511/b125717/entservices-apis-325511/apis/AppManager/IAppManager.h
2026-02-23 09:45:54,775 - Knowledge - INFO - Async storage completed for 5 embeddings
2026-02-23 09:45:55,340 - Knowledge - INFO - [WEBSOCKET] Sent: Type=progress_update, Size: 273, Duration: 0ms
2026-02-23 09:45:55,580 - Knowledge - INFO - [WEBSOCKET] Sent: Type=unknown, Size: ?, Duration: 240ms
2026-02-23 09:45:55,958 - Knowledge - INFO - Progress: 82.5% | Files: 226/274 | Rate: 1.54 files/sec | Queue: 0
2026-02-23 09:45:55,960 - Knowledge - INFO - [LLM_CALL] Completed: IFirmwareDownload.h:chunk1, Duration: 48153ms, PromptTokens: 2532, CompletionTokens: 637, Cost: $0.00051
2026-02-23 09:45:56,424 - Knowledge - INFO - done ingest for /app/data/T0015/325511/b125717/entservices-apis-325511/apis/FirmwareDownload/IFirmwareDownload.h
2026-02-23 09:45:58,211 - Knowledge - INFO - [LLM_CALL] Completed: IAppGateway.h:chunk1, Duration: 33433ms, PromptTokens: 5036, CompletionTokens: 872, Cost: $0.00085
2026-02-23 09:45:58,552 - Knowledge - INFO - done ingest for /app/data/T0015/325511/b125717/entservices-apis-325511/apis/AppGateway/IAppGateway.h
2026-02-23 09:45:58,912 - Knowledge - INFO - Async storage completed for 4 embeddings
2026-02-23 09:45:59,279 - Knowledge - INFO - [LLM_CALL] Completed: IMiracastService.h:chunk1, Duration: 36002ms, PromptTokens: 4298, CompletionTokens: 596, Cost: $0.00067
2026-02-23 09:45:59,653 - Knowledge - INFO - done ingest for /app/data/T0015/325511/b125717/entservices-apis-325511/apis/MiracastService/IMiracastService.h
2026-02-23 09:46:02,700 - Knowledge - INFO - Processing batch of 4 files
2026-02-23 09:46:02,899 - Knowledge - INFO - [LLM_CALL] Completed: ILEDControl.h:chunk1, Duration: 38498ms, PromptTokens: 2320, CompletionTokens: 357, Cost: $0.00037
2026-02-23 09:46:03,128 - Knowledge - INFO - process ingested knowledge for /app/data/T0015/325511/b125717/entservices-apis-325511/apis/USBMassStorage/IUSBMassStorage.h
2026-02-23 09:46:03,368 - Knowledge - INFO - done ingest for /app/data/T0015/325511/b125717/entservices-apis-325511/apis/LEDControl/ILEDControl.h
2026-02-23 09:46:03,700 - Knowledge - INFO - Processing batch of 4 files
2026-02-23 09:46:04,006 - Knowledge - INFO - process ingested knowledge for /app/data/T0015/325511/b125717/entservices-apis-325511/apis/AppGateway/IAppGateway.h
2026-02-23 09:46:04,020 - Knowledge - INFO - process ingested knowledge for /app/data/T0015/325511/b125717/entservices-apis-325511/apis/Cobalt/IDictionary.h
2026-02-23 09:46:04,456 - Knowledge - INFO - process ingested knowledge for /app/data/T0015/325511/b125717/entservices-apis-325511/apis/HomeKitTV/IHomeKitTV.h
2026-02-23 09:46:05,056 - Knowledge - INFO - process ingested knowledge for /app/data/T0015/325511/b125717/entservices-apis-325511/apis/FirmwareDownload/IFirmwareDownload.h
2026-02-23 09:46:05,181 - Knowledge - INFO - process ingested knowledge for /app/data/T0015/325511/b125717/entservices-apis-325511/apis/HomeKitTV/HomeKitTV.json
2026-02-23 09:46:05,731 - Knowledge - INFO - process ingested knowledge for /app/data/T0015/325511/b125717/entservices-apis-325511/apis/MiracastService/IMiracastService.h
2026-02-23 09:46:07,812 - Knowledge - INFO - [LLM_CALL] Completed: Ids.h:chunk1, Duration: 61579ms, PromptTokens: 9684, CompletionTokens: 464, Cost: $0.00115
2026-02-23 09:46:08,347 - Knowledge - INFO - done ingest for /app/data/T0015/325511/b125717/entservices-apis-325511/apis/Ids.h
2026-02-23 09:46:08,895 - Knowledge - INFO - process ingested knowledge for /app/data/T0015/325511/b125717/entservices-apis-325511/apis/AmazonPrime/IAmazonPrime.h
2026-02-23 09:46:13,388 - Knowledge - INFO - [WEBSOCKET] Sent: Type=progress_update, Size: 273, Duration: 0ms
2026-02-23 09:46:13,696 - Knowledge - INFO - [WEBSOCKET] Sent: Type=unknown, Size: ?, Duration: 308ms
2026-02-23 09:46:14,164 - Knowledge - INFO - Progress: 85.4% | Files: 234/274 | Rate: 1.42 files/sec | Queue: 0
2026-02-23 09:46:17,817 - Knowledge - INFO - [LLM_CALL] Completed: IPlayerInfo.h:chunk1, Duration: 52913ms, PromptTokens: 2642, CompletionTokens: 307, Cost: $0.00039
2026-02-23 09:46:18,074 - Knowledge - INFO - done ingest for /app/data/T0015/325511/b125717/entservices-apis-325511/apis/PlayerInfo/IPlayerInfo.h
2026-02-23 09:46:18,325 - Knowledge - INFO - [LLM_CALL] Completed: IResourceManager.h:chunk1, Duration: 53915ms, PromptTokens: 2308, CompletionTokens: 421, Cost: $0.00040
2026-02-23 09:46:18,700 - Knowledge - INFO - done ingest for /app/data/T0015/325511/b125717/entservices-apis-325511/apis/ResourceManager/IResourceManager.h
2026-02-23 09:46:20,529 - Knowledge - INFO - [LLM_CALL] Completed: IFrameRate.h:chunk1, Duration: 51912ms, PromptTokens: 2966, CompletionTokens: 646, Cost: $0.00055
2026-02-23 09:46:20,869 - Knowledge - INFO - done ingest for /app/data/T0015/325511/b125717/entservices-apis-325511/apis/FrameRate/IFrameRate.h
2026-02-23 09:46:20,876 - Knowledge - INFO - [LLM_CALL] Completed: IFrontPanel.h:chunk1, Duration: 75184ms, PromptTokens: 2832, CompletionTokens: 500, Cost: $0.00048
2026-02-23 09:46:21,397 - Knowledge - INFO - done ingest for /app/data/T0015/325511/b125717/entservices-apis-325511/apis/FrontPanel/IFrontPanel.h
2026-02-23 09:46:21,575 - Knowledge - INFO - [LLM_CALL] Completed: IDownloadManager.h:chunk1, Duration: 57477ms, PromptTokens: 2974, CompletionTokens: 576, Cost: $0.00053
2026-02-23 09:46:22,063 - Knowledge - INFO - done ingest for /app/data/T0015/325511/b125717/entservices-apis-325511/apis/DownloadManager/IDownloadManager.h
2026-02-23 09:46:22,550 - Knowledge - INFO - [LLM_CALL] Completed: IDolby.h:chunk1, Duration: 41031ms, PromptTokens: 2182, CompletionTokens: 474, Cost: $0.00041
2026-02-23 09:46:22,944 - Knowledge - INFO - done ingest for /app/data/T0015/325511/b125717/entservices-apis-325511/apis/PlayerInfo/IDolby.h
2026-02-23 09:46:22,962 - Knowledge - INFO - [LLM_CALL] Completed: IWarehouse.h:chunk1, Duration: 41408ms, PromptTokens: 2580, CompletionTokens: 548, Cost: $0.00048
2026-02-23 09:46:23,449 - Knowledge - INFO - done ingest for /app/data/T0015/325511/b125717/entservices-apis-325511/apis/Warehouse/IWarehouse.h
2026-02-23 09:46:23,507 - Knowledge - INFO - [LLM_CALL] Completed: IAppPackageManager.h:chunk1, Duration: 52961ms, PromptTokens: 5618, CompletionTokens: 803, Cost: $0.00088
2026-02-23 09:46:24,143 - Knowledge - INFO - done ingest for /app/data/T0015/325511/b125717/entservices-apis-325511/apis/PackageManager/IAppPackageManager.h
2026-02-23 09:46:24,611 - Knowledge - INFO - [LLM_CALL] Completed: IContentDecryption.h:chunk1, Duration: 52456ms, PromptTokens: 4882, CompletionTokens: 864, Cost: $0.00083
2026-02-23 09:46:24,976 - Knowledge - INFO - done ingest for /app/data/T0015/325511/b125717/entservices-apis-325511/apis/OpenCDMi/IContentDecryption.h
2026-02-23 09:46:25,562 - Knowledge - INFO - [LLM_CALL] Completed: IComposition.h:chunk1, Duration: 45538ms, PromptTokens: 3914, CompletionTokens: 635, Cost: $0.00065
2026-02-23 09:46:25,954 - Knowledge - INFO - done ingest for /app/data/T0015/325511/b125717/entservices-apis-325511/apis/wpeframework-clientlibraries/IComposition.h
2026-02-23 09:46:26,522 - Knowledge - INFO - Processing batch of 4 files
2026-02-23 09:46:27,242 - Knowledge - INFO - process ingested knowledge for /app/data/T0015/325511/b125717/entservices-apis-325511/apis/FrontPanel/IFrontPanel.h
2026-02-23 09:46:27,873 - Knowledge - INFO - process ingested knowledge for /app/data/T0015/325511/b125717/entservices-apis-325511/apis/PlayerInfo/IPlayerInfo.h
2026-02-23 09:46:28,250 - Knowledge - INFO - [LLM_CALL] Completed: IPackageManager.h:chunk1, Duration: 46708ms, PromptTokens: 4192, CompletionTokens: 907, Cost: $0.00078
2026-02-23 09:46:29,253 - Knowledge - INFO - done ingest for /app/data/T0015/325511/b125717/entservices-apis-325511/apis/PackageManager/IPackageManager.h
2026-02-23 09:46:29,342 - Knowledge - INFO - [LLM_CALL] Completed: ILifecycleManagerState.h:chunk1, Duration: 50726ms, PromptTokens: 2318, CompletionTokens: 394, Cost: $0.00039
2026-02-23 09:46:29,730 - Knowledge - INFO - done ingest for /app/data/T0015/325511/b125717/entservices-apis-325511/apis/LifecycleManager/ILifecycleManagerState.h
2026-02-23 09:46:29,780 - Knowledge - INFO - process ingested knowledge for /app/data/T0015/325511/b125717/entservices-apis-325511/apis/PlayerInfo/PlayerInfo.json
2026-02-23 09:46:30,238 - Knowledge - WARNING - Timeout processing /app/data/T0015/325511/b125717/entservices-apis-325511/apis/HdmiCecSource/IHdmiCecSource.h after 90s - using fallback metadata
2026-02-23 09:46:30,626 - Knowledge - INFO - [LLM_CALL] Completed: ITextTrack.h:chunk1, Duration: 92057ms, PromptTokens: 11804, CompletionTokens: 1638, Cost: $0.00184
2026-02-23 09:46:31,020 - Knowledge - INFO - process ingested knowledge for /app/data/T0015/325511/b125717/entservices-apis-325511/apis/PlayerInfo/IDolby.h
2026-02-23 09:46:31,204 - Knowledge - INFO - done ingest for /app/data/T0015/325511/b125717/entservices-apis-325511/apis/TextTrack/ITextTrack.h
2026-02-23 09:46:31,865 - Knowledge - INFO - [LLM_CALL] Completed: IRuntimeManager.h:chunk1, Duration: 47375ms, PromptTokens: 4226, CompletionTokens: 800, Cost: $0.00074
2026-02-23 09:46:32,191 - Knowledge - INFO - done ingest for /app/data/T0015/325511/b125717/entservices-apis-325511/apis/RuntimeManager/IRuntimeManager.h
2026-02-23 09:46:32,251 - Knowledge - INFO - [LLM_CALL] Completed: IXCast.h:chunk1, Duration: 85239ms, PromptTokens: 6794, CompletionTokens: 775, Cost: $0.00099
2026-02-23 09:46:32,780 - Knowledge - INFO - done ingest for /app/data/T0015/325511/b125717/entservices-apis-325511/apis/XCast/IXCast.h
2026-02-23 09:46:33,711 - Knowledge - INFO - Processing batch of 4 files
2026-02-23 09:46:33,977 - Knowledge - INFO - Processing batch of 4 files
2026-02-23 09:46:34,076 - Knowledge - INFO - process ingested knowledge for /app/data/T0015/325511/b125717/entservices-apis-325511/apis/Module.cpp
2026-02-23 09:46:34,291 - Knowledge - INFO - process ingested knowledge for /app/data/T0015/325511/b125717/entservices-apis-325511/apis/OpenCDMi/IContentDecryption.h
2026-02-23 09:46:34,469 - Knowledge - INFO - Processing batch of 4 files
2026-02-23 09:46:34,870 - Knowledge - INFO - Processing batch of 4 files
2026-02-23 09:46:34,877 - Knowledge - INFO - process ingested knowledge for /app/data/T0015/325511/b125717/entservices-apis-325511/apis/Packager/IPackager.h
2026-02-23 09:46:34,991 - Knowledge - INFO - [LLM_CALL] Completed: ITelemetry.h:chunk1, Duration: 85478ms, PromptTokens: 2500, CompletionTokens: 481, Cost: $0.00044
2026-02-23 09:46:35,133 - Knowledge - INFO - process ingested knowledge for /app/data/T0015/325511/b125717/entservices-apis-325511/apis/TextTrack/ITextTrack.h
2026-02-23 09:46:35,164 - Knowledge - INFO - process ingested knowledge for /app/data/T0015/325511/b125717/entservices-apis-325511/apis/FrameRate/IFrameRate.h
2026-02-23 09:46:35,342 - Knowledge - INFO - process ingested knowledge for /app/data/T0015/325511/b125717/entservices-apis-325511/apis/OpenCDMi/OCDM.json
2026-02-23 09:46:35,402 - Knowledge - INFO - done ingest for /app/data/T0015/325511/b125717/entservices-apis-325511/apis/Telemetry/ITelemetry.h
2026-02-23 09:46:35,413 - Knowledge - INFO - [LLM_CALL] Completed: ICryptography.h:chunk1, Duration: 86267ms, PromptTokens: 4196, CompletionTokens: 959, Cost: $0.00080
2026-02-23 09:46:35,838 - Knowledge - INFO - process ingested knowledge for /app/data/T0015/325511/b125717/entservices-apis-325511/apis/OCIContainer/IOCIContainer.h
2026-02-23 09:46:35,851 - Knowledge - INFO - process ingested knowledge for /app/data/T0015/325511/b125717/entservices-apis-325511/apis/MessageControl/IMessageControl.h
2026-02-23 09:46:35,851 - Knowledge - INFO - process ingested knowledge for /app/data/T0015/325511/b125717/entservices-apis-325511/apis/PackageManager/IPackageManager.h
2026-02-23 09:46:35,876 - Knowledge - INFO - process ingested knowledge for /app/data/T0015/325511/b125717/entservices-apis-325511/apis/RuntimeManager/IRuntimeManager.h
2026-02-23 09:46:36,025 - Knowledge - INFO - done ingest for /app/data/T0015/325511/b125717/entservices-apis-325511/apis/wpeframework-clientlibraries/ICryptography.h
2026-02-23 09:46:36,025 - Knowledge - INFO - Processing batch of 4 files
2026-02-23 09:46:36,223 - Knowledge - INFO - process ingested knowledge for /app/data/T0015/325511/b125717/entservices-apis-325511/apis/HdmiCecSource/IHdmiCecSource.h
2026-02-23 09:46:36,460 - Knowledge - INFO - process ingested knowledge for /app/data/T0015/325511/b125717/entservices-apis-325511/apis/Ids.h
2026-02-23 09:46:36,568 - Knowledge - INFO - process ingested knowledge for /app/data/T0015/325511/b125717/entservices-apis-325511/apis/PackageManager/README.md
2026-02-23 09:46:36,617 - Knowledge - INFO - [WEBSOCKET] Sent: Type=progress_update, Size: 273, Duration: 0ms
2026-02-23 09:46:36,732 - Knowledge - INFO - process ingested knowledge for /app/data/T0015/325511/b125717/entservices-apis-325511/README.md
2026-02-23 09:46:36,893 - Knowledge - INFO - process ingested knowledge for /app/data/T0015/325511/b125717/entservices-apis-325511/apis/XCast/IXCast.h
2026-02-23 09:46:37,305 - Knowledge - INFO - process ingested knowledge for /app/data/T0015/325511/b125717/entservices-apis-325511/apis/DTV/DTV.json
2026-02-23 09:46:37,375 - Knowledge - INFO - process ingested knowledge for /app/data/T0015/325511/b125717/entservices-apis-325511/apis/LEDControl/ILEDControl.h
2026-02-23 09:46:37,563 - Knowledge - INFO - [LLM_CALL] Completed: ILifecycleManager.h:chunk1, Duration: 73698ms, PromptTokens: 3054, CompletionTokens: 607, Cost: $0.00055
2026-02-23 09:46:38,341 - Knowledge - INFO - done ingest for /app/data/T0015/325511/b125717/entservices-apis-325511/apis/LifecycleManager/ILifecycleManager.h
2026-02-23 09:46:38,348 - Knowledge - INFO - [WEBSOCKET] Sent: Type=unknown, Size: ?, Duration: 1731ms
2026-02-23 09:46:38,455 - Knowledge - INFO - process ingested knowledge for /app/data/T0015/325511/b125717/entservices-apis-325511/apis/DownloadManager/IDownloadManager.h
2026-02-23 09:46:38,645 - Knowledge - INFO - Progress: 94.2% | Files: 259/274 | Rate: 1.38 files/sec | Queue: 0
2026-02-23 09:46:38,858 - Knowledge - INFO - [LLM_CALL] Completed: IAppNotifications.h:chunk1, Duration: 51051ms, PromptTokens: 2772, CompletionTokens: 474, Cost: $0.00047
2026-02-23 09:46:39,238 - Knowledge - INFO - done ingest for /app/data/T0015/325511/b125717/entservices-apis-325511/apis/AppNotifications/IAppNotifications.h
2026-02-23 09:46:39,869 - Knowledge - INFO - process ingested knowledge for /app/data/T0015/325511/b125717/entservices-apis-325511/apis/wpeframework-clientlibraries/ICompositionBuffer.h
2026-02-23 09:46:39,972 - Knowledge - INFO - Processing batch of 4 files
2026-02-23 09:46:40,228 - Knowledge - INFO - process ingested knowledge for /app/data/T0015/325511/b125717/entservices-apis-325511/apis/wpeframework-clientlibraries/ICryptography.h
2026-02-23 09:46:42,309 - Knowledge - INFO - process ingested knowledge for /app/data/T0015/325511/b125717/entservices-apis-325511/apis/ResourceManager/IResourceManager.h
2026-02-23 09:46:42,602 - Knowledge - WARNING - Timeout processing /app/data/T0015/325511/b125717/entservices-apis-325511/apis/LISA/ILISA.h after 90s - using fallback metadata
2026-02-23 09:46:43,065 - Knowledge - INFO - process ingested knowledge for /app/data/T0015/325511/b125717/entservices-apis-325511/apis/LinearPlaybackControl/LinearPlaybackControl.json
2026-02-23 09:46:43,707 - Knowledge - INFO - [WEBSOCKET] Sent: Type=progress_update, Size: 274, Duration: 0ms
2026-02-23 09:46:43,946 - Knowledge - INFO - [WEBSOCKET] Sent: Type=unknown, Size: ?, Duration: 239ms
2026-02-23 09:46:43,968 - Knowledge - INFO - process ingested knowledge for /app/data/T0015/325511/b125717/entservices-apis-325511/apis/wpeframework-clientlibraries/IComposition.h
2026-02-23 09:46:44,043 - Knowledge - INFO - process ingested knowledge for /app/data/T0015/325511/b125717/entservices-apis-325511/apis/Warehouse/IWarehouse.h
2026-02-23 09:46:44,179 - Knowledge - INFO - Progress: 96.4% | Files: 266/274 | Rate: 1.37 files/sec | Queue: 0
2026-02-23 09:46:44,179 - Knowledge - INFO - [LLM_CALL] Completed: IOCDM.h:chunk1, Duration: 51528ms, PromptTokens: 7774, CompletionTokens: 1520, Cost: $0.00139
2026-02-23 09:46:44,582 - Knowledge - INFO - done ingest for /app/data/T0015/325511/b125717/entservices-apis-325511/apis/OpenCDMi/IOCDM.h
2026-02-23 09:46:44,654 - Knowledge - INFO - Processing batch of 4 files
2026-02-23 09:46:45,295 - Knowledge - INFO - process ingested knowledge for /app/data/T0015/325511/b125717/entservices-apis-325511/apis/Telemetry/ITelemetry.h
2026-02-23 09:46:46,430 - Knowledge - INFO - process ingested knowledge for /app/data/T0015/325511/b125717/entservices-apis-325511/apis/LifecycleManager/ILifecycleManager.h
2026-02-23 09:46:46,505 - Knowledge - INFO - Processing batch of 4 files
2026-02-23 09:46:46,524 - Knowledge - INFO - [LLM_CALL] Completed: IDRM.h:chunk1, Duration: 50078ms, PromptTokens: 11568, CompletionTokens: 1838, Cost: $0.00189
2026-02-23 09:46:46,638 - Knowledge - INFO - process ingested knowledge for /app/data/T0015/325511/b125717/entservices-apis-325511/apis/LifecycleManager/ILifecycleManagerState.h
2026-02-23 09:46:46,724 - Knowledge - INFO - process ingested knowledge for /app/data/T0015/325511/b125717/entservices-apis-325511/apis/PreinstallManager/IPreinstallManager.h
2026-02-23 09:46:46,814 - Knowledge - INFO - done ingest for /app/data/T0015/325511/b125717/entservices-apis-325511/apis/OpenCDMi/IDRM.h
2026-02-23 09:46:46,814 - Knowledge - INFO - [WEBSOCKET] Sent: Type=progress_update, Size: 273, Duration: 0ms
2026-02-23 09:46:46,922 - Knowledge - INFO - process ingested knowledge for /app/data/T0015/325511/b125717/entservices-apis-325511/apis/AppNotifications/IAppNotifications.h
2026-02-23 09:46:47,015 - Knowledge - INFO - process ingested knowledge for /app/data/T0015/325511/b125717/entservices-apis-325511/apis/LISA/ILISA.h
2026-02-23 09:46:47,213 - Knowledge - INFO - [WEBSOCKET] Sent: Type=unknown, Size: ?, Duration: 400ms
2026-02-23 09:46:47,375 - Knowledge - INFO - process ingested knowledge for /app/data/T0015/325511/b125717/entservices-apis-325511/apis/LISA/LISA.json
2026-02-23 09:46:47,482 - Knowledge - INFO - Progress: 98.5% | Files: 270/274 | Rate: 1.36 files/sec | Queue: 0
2026-02-23 09:46:47,639 - Knowledge - INFO - process ingested knowledge for /app/data/T0015/325511/b125717/entservices-apis-325511/apis/Portability.h
2026-02-23 09:46:58,974 - Knowledge - WARNING - Timeout processing /app/data/T0015/325511/b125717/entservices-apis-325511/apis/AVInput/IAVInput.h after 90s - using fallback metadata
2026-02-23 09:46:59,190 - Knowledge - INFO - Processing batch of 4 files
2026-02-23 09:46:59,361 - Knowledge - INFO - process ingested knowledge for /app/data/T0015/325511/b125717/entservices-apis-325511/apis/PackageManager/IAppPackageManager.h
2026-02-23 09:46:59,537 - Knowledge - INFO - process ingested knowledge for /app/data/T0015/325511/b125717/entservices-apis-325511/apis/AVInput/IAVInput.h
2026-02-23 09:46:59,719 - Knowledge - INFO - process ingested knowledge for /app/data/T0015/325511/b125717/entservices-apis-325511/apis/OpenCDMi/IOCDM.h
2026-02-23 09:46:59,911 - Knowledge - INFO - process ingested knowledge for /app/data/T0015/325511/b125717/entservices-apis-325511/apis/OpenCDMi/IDRM.h
2026-02-23 09:47:00,588 - Knowledge - INFO - Knowledge creation complete
2026-02-23 09:47:00,771 - Knowledge - INFO - ==================================================
2026-02-23 09:47:00,989 - Knowledge - INFO - KNOWLEDGE GRAPH GENERATION PERFORMANCE SUMMARY
2026-02-23 09:47:01,198 - Knowledge - INFO - ==================================================
2026-02-23 09:47:01,367 - Knowledge - INFO - Total processing time: 212.75 seconds (3.55 minutes)
2026-02-23 09:47:01,563 - Knowledge - INFO - Files processed: 0
2026-02-23 09:47:01,724 - Knowledge - INFO - Processing rate: 0.00 files/second
2026-02-23 09:47:01,899 - Knowledge - INFO - 
[TIME_BREAKDOWN]
2026-02-23 09:47:02,109 - Knowledge - INFO - File Reading: 0.00s (0.0%)
2026-02-23 09:47:02,321 - Knowledge - INFO - LLM Processing: 2400.08s (1128.1%)
2026-02-23 09:47:02,488 - Knowledge - INFO - MongoDB Operations: 0.00s (0.0%)
2026-02-23 09:47:02,699 - Knowledge - INFO - Redis Operations: 0.00s (0.0%)
2026-02-23 09:47:02,900 - Knowledge - INFO - WebSocket Communication: 23.29s (10.9%)
2026-02-23 09:47:03,062 - Knowledge - INFO - 
[LLM_STATS]
2026-02-23 09:47:03,284 - Knowledge - INFO - Total LLM calls: 57
2026-02-23 09:47:03,467 - Knowledge - INFO - Average LLM response time: 42107ms
2026-02-23 09:47:03,668 - Knowledge - INFO - Average prompt tokens: 5017.1
2026-02-23 09:47:03,832 - Knowledge - INFO - Average completion tokens: 740.6
2026-02-23 09:47:04,022 - Knowledge - INFO - Total prompt tokens: 285972
2026-02-23 09:47:04,207 - Knowledge - INFO - Total completion tokens: 42215
2026-02-23 09:47:04,402 - Knowledge - INFO - Total LLM cost: $0.0455
2026-02-23 09:47:04,565 - Knowledge - INFO - 
[DATABASE_STATS]
2026-02-23 09:47:04,784 - Knowledge - INFO - MongoDB operations: 0
2026-02-23 09:47:04,972 - Knowledge - INFO - Redis operations: 0
2026-02-23 09:47:05,135 - Knowledge - INFO - 
[COMMUNICATION_STATS]
2026-02-23 09:47:05,287 - Knowledge - INFO - WebSocket messages sent: 36
2026-02-23 09:47:05,447 - Knowledge - INFO - Average message size: 145.8 bytes
2026-02-23 09:47:05,635 - Knowledge - INFO - 
[WORKER_STATS]
2026-02-23 09:47:05,833 - Knowledge - INFO - 
[FILE_TYPE_STATS]
2026-02-23 09:47:06,000 - Knowledge - INFO - 
[SLOWEST_FILES]
2026-02-23 09:47:06,156 - Knowledge - INFO - ==================================================
2026-02-23 09:47:06,324 - Knowledge - INFO - ==================================================
2026-02-23 09:47:06,520 - Knowledge - INFO - KNOWLEDGE GRAPH GENERATION PERFORMANCE SUMMARY
2026-02-23 09:47:06,723 - Knowledge - INFO - ==================================================
2026-02-23 09:47:06,895 - Knowledge - INFO - Total processing time: 218.36 seconds (3.64 minutes)
2026-02-23 09:47:07,087 - Knowledge - INFO - Files processed: 274 of 274
2026-02-23 09:47:07,271 - Knowledge - INFO - Processing rate: 1.25 files/second
2026-02-23 09:47:07,437 - Knowledge - INFO - WebSocket messages sent: 18
2026-02-23 09:47:07,612 - Knowledge - INFO - MongoDB operations: 274
2026-02-23 09:47:07,807 - Knowledge - INFO - Average MongoDB ops per file: 1.00
2026-02-23 09:47:07,978 - Knowledge - INFO - LLM costs: $0.0455
2026-02-23 09:47:08,187 - Knowledge - INFO - Prompt tokens: 285972
2026-02-23 09:47:08,420 - Knowledge - INFO - Completion tokens: 42215
2026-02-23 09:47:08,579 - Knowledge - INFO - Updating org costs, total cost: 0.0454832
2026-02-23 09:47:09,820 - Knowledge - INFO - [WEBSOCKET] Sent: Type=progress_update, Size: 267, Duration: 0ms
2026-02-23 09:47:10,037 - Knowledge - INFO - Saving knowledge to Redis...
2026-02-23 09:47:10,498 - Knowledge - INFO - Knowledge saved to Redis successfully
